"","Date","Species","site","transect","average_value","Week","month","year","YearMonth","YearMonthSite","WeekYearSite","cape"
"1",2023-03-04,"Hedophyllum sessile","SH",3,7.38461538461539,"09","03","23",Mar 2023,"Mar 2023_SH","09_23_SH","Perpetua"
"2",2023-03-04,"Hedophyllum sessile","SH",4,12.6,"09","03","23",Mar 2023,"Mar 2023_SH","09_23_SH","Perpetua"
"3",2023-03-18,"Postelsia palmaeformis","FC",1,43,"11","03","23",Mar 2023,"Mar 2023_FC","11_23_FC","Foulweather"
"4",2023-03-18,"Postelsia palmaeformis","FC",2,29.3333333333333,"11","03","23",Mar 2023,"Mar 2023_FC","11_23_FC","Foulweather"
"5",2023-03-18,"Postelsia palmaeformis","FC",3,33,"11","03","23",Mar 2023,"Mar 2023_FC","11_23_FC","Foulweather"
"6",2023-03-18,"Postelsia palmaeformis","FC",4,35,"11","03","23",Mar 2023,"Mar 2023_FC","11_23_FC","Foulweather"
"7",2023-03-18,"Postelsia palmaeformis","FC",5,103,"11","03","23",Mar 2023,"Mar 2023_FC","11_23_FC","Foulweather"
"8",2023-03-19,"Lessoniopsis littoralis","BB",1,9.3,"11","03","23",Mar 2023,"Mar 2023_BB","11_23_BB","Foulweather"
"9",2023-03-19,"Lessoniopsis littoralis","BB",3,2.5,"11","03","23",Mar 2023,"Mar 2023_BB","11_23_BB","Foulweather"
"10",2023-03-19,"Lessoniopsis littoralis","BB",4,2.4,"11","03","23",Mar 2023,"Mar 2023_BB","11_23_BB","Foulweather"
"11",2023-03-19,"Lessoniopsis littoralis","BB",5,1.2,"11","03","23",Mar 2023,"Mar 2023_BB","11_23_BB","Foulweather"
"12",2023-03-20,"Hedophyllum sessile","CB",1,0.428571428571429,"11","03","23",Mar 2023,"Mar 2023_CB","11_23_CB","Blanco"
"13",2023-03-20,"Hedophyllum sessile","CB",2,2.875,"11","03","23",Mar 2023,"Mar 2023_CB","11_23_CB","Blanco"
"14",2023-03-20,"Hedophyllum sessile","CB",3,2.16666666666667,"11","03","23",Mar 2023,"Mar 2023_CB","11_23_CB","Blanco"
"15",2023-03-20,"Hedophyllum sessile","CB",4,0.857142857142857,"11","03","23",Mar 2023,"Mar 2023_CB","11_23_CB","Blanco"
"16",2023-03-20,"Hedophyllum sessile","CB",5,1.6,"11","03","23",Mar 2023,"Mar 2023_CB","11_23_CB","Blanco"
"17",2023-03-21,"Hedophyllum sessile","SH",3,7.38461538461539,"12","03","23",Mar 2023,"Mar 2023_SH","12_23_SH","Perpetua"
"18",2023-03-21,"Hedophyllum sessile","SH",4,9.625,"12","03","23",Mar 2023,"Mar 2023_SH","12_23_SH","Perpetua"
"19",2023-04-22,"Hedophyllum sessile","RP",1,4.875,"16","04","23",Apr 2023,"Apr 2023_RP","16_23_RP","Blanco"
"20",2023-04-22,"Hedophyllum sessile","RP",2,3,"16","04","23",Apr 2023,"Apr 2023_RP","16_23_RP","Blanco"
"21",2023-04-23,"Alaria marginata","CB",4,2.2,"16","04","23",Apr 2023,"Apr 2023_CB","16_23_CB","Blanco"
"22",2023-04-23,"Postelsia palmaeformis","CB",1,25.3333333333333,"16","04","23",Apr 2023,"Apr 2023_CB","16_23_CB","Blanco"
"23",2023-04-23,"Postelsia palmaeformis","CB",2,33.3333333333333,"16","04","23",Apr 2023,"Apr 2023_CB","16_23_CB","Blanco"
"24",2023-04-23,"Postelsia palmaeformis","CB",3,31,"16","04","23",Apr 2023,"Apr 2023_CB","16_23_CB","Blanco"
"25",2023-04-23,"Postelsia palmaeformis","CB",4,16.6666666666667,"16","04","23",Apr 2023,"Apr 2023_CB","16_23_CB","Blanco"
"26",2023-04-23,"Postelsia palmaeformis","CB",5,13,"16","04","23",Apr 2023,"Apr 2023_CB","16_23_CB","Blanco"
"27",2023-05-02,"Hedophyllum sessile","CB",2,3.28571428571429,"18","05","23",May 2023,"May 2023_CB","18_23_CB","Blanco"
"28",2023-05-02,"Hedophyllum sessile","CB",3,2.16666666666667,"18","05","23",May 2023,"May 2023_CB","18_23_CB","Blanco"
"29",2023-05-09,"Egregia menziesii","BB",1,2.57142857142857,"19","05","23",May 2023,"May 2023_BB","19_23_BB","Foulweather"
"30",2023-05-09,"Egregia menziesii","BB",2,4.16666666666667,"19","05","23",May 2023,"May 2023_BB","19_23_BB","Foulweather"
"31",2023-05-09,"Egregia menziesii","BB",3,2,"19","05","23",May 2023,"May 2023_BB","19_23_BB","Foulweather"
"32",2023-05-09,"Egregia menziesii","BB",4,2.83333333333333,"19","05","23",May 2023,"May 2023_BB","19_23_BB","Foulweather"
"33",2023-05-09,"Egregia menziesii","BB",5,2.75,"19","05","23",May 2023,"May 2023_BB","19_23_BB","Foulweather"
"34",2023-05-10,"Hedophyllum sessile","YB",4,3.5,"19","05","23",May 2023,"May 2023_YB","19_23_YB","Perpetua"
"35",2023-05-10,"Hedophyllum sessile","YB",5,3.5,"19","05","23",May 2023,"May 2023_YB","19_23_YB","Perpetua"
"36",2023-05-21,"Alaria marginata","RP",1,12.125,"20","05","23",May 2023,"May 2023_RP","20_23_RP","Blanco"
"37",2023-05-21,"Alaria marginata","RP",2,2.28571428571429,"20","05","23",May 2023,"May 2023_RP","20_23_RP","Blanco"
"38",2023-05-21,"Alaria marginata","RP",3,0.5,"20","05","23",May 2023,"May 2023_RP","20_23_RP","Blanco"
"39",2023-05-21,"Alaria marginata","RP",4,7.625,"20","05","23",May 2023,"May 2023_RP","20_23_RP","Blanco"
"40",2023-05-21,"Alaria marginata","RP",5,4.875,"20","05","23",May 2023,"May 2023_RP","20_23_RP","Blanco"
"41",2023-05-21,"Egregia menziesii","RP",1,0,"20","05","23",May 2023,"May 2023_RP","20_23_RP","Blanco"
"42",2023-05-21,"Egregia menziesii","RP",2,0,"20","05","23",May 2023,"May 2023_RP","20_23_RP","Blanco"
"43",2023-05-21,"Egregia menziesii","RP",3,0,"20","05","23",May 2023,"May 2023_RP","20_23_RP","Blanco"
"44",2023-05-21,"Hedophyllum sessile","RP",1,1.6,"20","05","23",May 2023,"May 2023_RP","20_23_RP","Blanco"
"45",2023-05-21,"Hedophyllum sessile","RP",2,2.83333333333333,"20","05","23",May 2023,"May 2023_RP","20_23_RP","Blanco"
"46",2023-05-21,"Hedophyllum sessile","RP",3,4.83333333333333,"20","05","23",May 2023,"May 2023_RP","20_23_RP","Blanco"
"47",2023-05-21,"Hedophyllum sessile","RP",4,5.66666666666667,"20","05","23",May 2023,"May 2023_RP","20_23_RP","Blanco"
"48",2023-05-21,"Hedophyllum sessile","RP",5,3.57142857142857,"20","05","23",May 2023,"May 2023_RP","20_23_RP","Blanco"
"49",2023-05-22,"Postelsia palmaeformis","FC",1,33,"20","05","23",May 2023,"May 2023_FC","20_23_FC","Foulweather"
"50",2023-05-22,"Postelsia palmaeformis","FC",2,35.3333333333333,"20","05","23",May 2023,"May 2023_FC","20_23_FC","Foulweather"
"51",2023-05-22,"Postelsia palmaeformis","FC",3,59.5,"20","05","23",May 2023,"May 2023_FC","20_23_FC","Foulweather"
"52",2023-05-22,"Postelsia palmaeformis","FC",4,49,"20","05","23",May 2023,"May 2023_FC","20_23_FC","Foulweather"
"53",2023-05-22,"Postelsia palmaeformis","FC",5,83.5,"20","05","23",May 2023,"May 2023_FC","20_23_FC","Foulweather"
"54",2023-06-02,"Hedophyllum sessile","YB",1,5.76190476190476,"22","06","23",Jun 2023,"Jun 2023_YB","22_23_YB","Perpetua"
"55",2023-06-02,"Hedophyllum sessile","YB",2,2.33333333333333,"22","06","23",Jun 2023,"Jun 2023_YB","22_23_YB","Perpetua"
"56",2023-06-02,"Hedophyllum sessile","YB",3,2.05882352941176,"22","06","23",Jun 2023,"Jun 2023_YB","22_23_YB","Perpetua"
"57",2023-06-02,"Postelsia palmaeformis","YB",1,3,"22","06","23",Jun 2023,"Jun 2023_YB","22_23_YB","Perpetua"
"58",2023-06-02,"Postelsia palmaeformis","YB",2,15,"22","06","23",Jun 2023,"Jun 2023_YB","22_23_YB","Perpetua"
"59",2023-06-02,"Postelsia palmaeformis","YB",3,23.3333333333333,"22","06","23",Jun 2023,"Jun 2023_YB","22_23_YB","Perpetua"
"60",2023-06-02,"Postelsia palmaeformis","YB",4,16.3333333333333,"22","06","23",Jun 2023,"Jun 2023_YB","22_23_YB","Perpetua"
"61",2023-06-02,"Postelsia palmaeformis","YB",5,34.3333333333333,"22","06","23",Jun 2023,"Jun 2023_YB","22_23_YB","Perpetua"
"62",2023-06-06,"Egregia menziesii","FC",1,0.2,"23","06","23",Jun 2023,"Jun 2023_FC","23_23_FC","Foulweather"
"63",2023-06-06,"Egregia menziesii","FC",3,2.77777777777778,"23","06","23",Jun 2023,"Jun 2023_FC","23_23_FC","Foulweather"
"64",2023-06-06,"Egregia menziesii","FC",5,7.4,"23","06","23",Jun 2023,"Jun 2023_FC","23_23_FC","Foulweather"
"65",2023-06-06,"Hedophyllum sessile","FC",1,2.33333333333333,"23","06","23",Jun 2023,"Jun 2023_FC","23_23_FC","Foulweather"
"66",2023-06-06,"Hedophyllum sessile","FC",2,2.66666666666667,"23","06","23",Jun 2023,"Jun 2023_FC","23_23_FC","Foulweather"
"67",2023-06-06,"Hedophyllum sessile","FC",4,3.28571428571429,"23","06","23",Jun 2023,"Jun 2023_FC","23_23_FC","Foulweather"
"68",2023-06-06,"Lessoniopsis littoralis","FC",4,1.33333333333333,"23","06","23",Jun 2023,"Jun 2023_FC","23_23_FC","Foulweather"
"69",2023-06-06,"Postelsia palmaeformis","FC",1,10,"23","06","23",Jun 2023,"Jun 2023_FC","23_23_FC","Foulweather"
"70",2023-06-06,"Postelsia palmaeformis","FC",2,28,"23","06","23",Jun 2023,"Jun 2023_FC","23_23_FC","Foulweather"
"71",2023-06-06,"Postelsia palmaeformis","FC",3,23,"23","06","23",Jun 2023,"Jun 2023_FC","23_23_FC","Foulweather"
"72",2023-06-06,"Postelsia palmaeformis","FC",4,10.3333333333333,"23","06","23",Jun 2023,"Jun 2023_FC","23_23_FC","Foulweather"
"73",2023-06-06,"Postelsia palmaeformis","FC",5,44.5,"23","06","23",Jun 2023,"Jun 2023_FC","23_23_FC","Foulweather"
"74",2023-06-07,"Hedophyllum sessile","BB",4,3.83333333333333,"23","06","23",Jun 2023,"Jun 2023_BB","23_23_BB","Foulweather"
"75",2023-06-08,"Hedophyllum sessile","SH",1,2,"23","06","23",Jun 2023,"Jun 2023_SH","23_23_SH","Perpetua"
"76",2023-06-08,"Hedophyllum sessile","SH",2,2.33333333333333,"23","06","23",Jun 2023,"Jun 2023_SH","23_23_SH","Perpetua"
"77",2023-06-08,"Hedophyllum sessile","SH",3,2.45454545454545,"23","06","23",Jun 2023,"Jun 2023_SH","23_23_SH","Perpetua"
"78",2023-06-08,"Hedophyllum sessile","SH",4,3.71428571428571,"23","06","23",Jun 2023,"Jun 2023_SH","23_23_SH","Perpetua"
"79",2023-06-08,"Hedophyllum sessile","SH",5,2.125,"23","06","23",Jun 2023,"Jun 2023_SH","23_23_SH","Perpetua"
"80",2023-06-16,"Alaria marginata","CB",1,1.625,"24","06","23",Jun 2023,"Jun 2023_CB","24_23_CB","Blanco"
"81",2023-06-16,"Alaria marginata","CB",2,0.666666666666667,"24","06","23",Jun 2023,"Jun 2023_CB","24_23_CB","Blanco"
"82",2023-06-16,"Alaria marginata","CB",3,2.22222222222222,"24","06","23",Jun 2023,"Jun 2023_CB","24_23_CB","Blanco"
"83",2023-06-16,"Alaria marginata","CB",4,4.7,"24","06","23",Jun 2023,"Jun 2023_CB","24_23_CB","Blanco"
"84",2023-06-16,"Alaria marginata","CB",5,2.22222222222222,"24","06","23",Jun 2023,"Jun 2023_CB","24_23_CB","Blanco"
"85",2023-06-17,"Alaria marginata","RP",1,6.64285714285714,"24","06","23",Jun 2023,"Jun 2023_RP","24_23_RP","Blanco"
"86",2023-06-17,"Alaria marginata","RP",2,1.14285714285714,"24","06","23",Jun 2023,"Jun 2023_RP","24_23_RP","Blanco"
"87",2023-06-17,"Alaria marginata","RP",3,3.76923076923077,"24","06","23",Jun 2023,"Jun 2023_RP","24_23_RP","Blanco"
"88",2023-06-17,"Alaria marginata","RP",4,3.14285714285714,"24","06","23",Jun 2023,"Jun 2023_RP","24_23_RP","Blanco"
"89",2023-06-17,"Alaria marginata","RP",5,4,"24","06","23",Jun 2023,"Jun 2023_RP","24_23_RP","Blanco"
"90",2023-06-17,"Egregia menziesii","RP",1,2,"24","06","23",Jun 2023,"Jun 2023_RP","24_23_RP","Blanco"
"91",2023-06-17,"Egregia menziesii","RP",2,0,"24","06","23",Jun 2023,"Jun 2023_RP","24_23_RP","Blanco"
"92",2023-06-17,"Egregia menziesii","RP",3,0,"24","06","23",Jun 2023,"Jun 2023_RP","24_23_RP","Blanco"
"93",2023-06-17,"Hedophyllum sessile","RP",1,2.14285714285714,"24","06","23",Jun 2023,"Jun 2023_RP","24_23_RP","Blanco"
"94",2023-06-17,"Hedophyllum sessile","RP",2,1.75,"24","06","23",Jun 2023,"Jun 2023_RP","24_23_RP","Blanco"
"95",2023-06-17,"Hedophyllum sessile","RP",3,2.4,"24","06","23",Jun 2023,"Jun 2023_RP","24_23_RP","Blanco"
"96",2023-06-17,"Hedophyllum sessile","RP",4,2.45454545454545,"24","06","23",Jun 2023,"Jun 2023_RP","24_23_RP","Blanco"
"97",2023-06-17,"Hedophyllum sessile","RP",5,2,"24","06","23",Jun 2023,"Jun 2023_RP","24_23_RP","Blanco"
"98",2023-06-18,"Hedophyllum sessile","FC",1,1.66666666666667,"24","06","23",Jun 2023,"Jun 2023_FC","24_23_FC","Foulweather"
"99",2023-06-18,"Hedophyllum sessile","FC",2,1.5,"24","06","23",Jun 2023,"Jun 2023_FC","24_23_FC","Foulweather"
"100",2023-06-18,"Hedophyllum sessile","FC",3,5.15384615384615,"24","06","23",Jun 2023,"Jun 2023_FC","24_23_FC","Foulweather"
"101",2023-06-18,"Hedophyllum sessile","FC",5,1.69230769230769,"24","06","23",Jun 2023,"Jun 2023_FC","24_23_FC","Foulweather"
"102",2023-06-18,"Postelsia palmaeformis","FC",1,7.33333333333333,"24","06","23",Jun 2023,"Jun 2023_FC","24_23_FC","Foulweather"
"103",2023-06-19,"Alaria marginata","BB",2,2.2,"24","06","23",Jun 2023,"Jun 2023_BB","24_23_BB","Foulweather"
"104",2023-06-19,"Alaria marginata","BB",4,1.9,"24","06","23",Jun 2023,"Jun 2023_BB","24_23_BB","Foulweather"
"105",2023-06-19,"Hedophyllum sessile","BB",3,1.63636363636364,"24","06","23",Jun 2023,"Jun 2023_BB","24_23_BB","Foulweather"
"106",2023-06-19,"Hedophyllum sessile","BB",4,2.85714285714286,"24","06","23",Jun 2023,"Jun 2023_BB","24_23_BB","Foulweather"
"107",2023-06-19,"Hedophyllum sessile","BB",5,2.08333333333333,"24","06","23",Jun 2023,"Jun 2023_BB","24_23_BB","Foulweather"
"108",2023-06-20,"Egregia menziesii","SH",1,0,"25","06","23",Jun 2023,"Jun 2023_SH","25_23_SH","Perpetua"
"109",2023-06-20,"Egregia menziesii","SH",2,1.66666666666667,"25","06","23",Jun 2023,"Jun 2023_SH","25_23_SH","Perpetua"
"110",2023-06-20,"Egregia menziesii","SH",5,2.8,"25","06","23",Jun 2023,"Jun 2023_SH","25_23_SH","Perpetua"
"111",2023-06-20,"Hedophyllum sessile","SH",1,1,"25","06","23",Jun 2023,"Jun 2023_SH","25_23_SH","Perpetua"
"112",2023-06-20,"Hedophyllum sessile","SH",2,1.75,"25","06","23",Jun 2023,"Jun 2023_SH","25_23_SH","Perpetua"
"113",2023-06-20,"Hedophyllum sessile","SH",3,1.66666666666667,"25","06","23",Jun 2023,"Jun 2023_SH","25_23_SH","Perpetua"
"114",2023-06-20,"Hedophyllum sessile","SH",5,1.35714285714286,"25","06","23",Jun 2023,"Jun 2023_SH","25_23_SH","Perpetua"
"115",2023-06-20,"Laminaria sinclairii","SH",1,34,"25","06","23",Jun 2023,"Jun 2023_SH","25_23_SH","Perpetua"
"116",2023-06-20,"Laminaria sinclairii","SH",2,19.75,"25","06","23",Jun 2023,"Jun 2023_SH","25_23_SH","Perpetua"
"117",2023-06-20,"Laminaria sinclairii","SH",3,33.5,"25","06","23",Jun 2023,"Jun 2023_SH","25_23_SH","Perpetua"
"118",2023-06-20,"Laminaria sinclairii","SH",4,81,"25","06","23",Jun 2023,"Jun 2023_SH","25_23_SH","Perpetua"
"119",2023-06-20,"Laminaria sinclairii","SH",5,46.3333333333333,"25","06","23",Jun 2023,"Jun 2023_SH","25_23_SH","Perpetua"
"120",2023-06-21,"Egregia menziesii","YB",1,0.5,"25","06","23",Jun 2023,"Jun 2023_YB","25_23_YB","Perpetua"
"121",2023-06-21,"Egregia menziesii","YB",4,1,"25","06","23",Jun 2023,"Jun 2023_YB","25_23_YB","Perpetua"
"122",2023-06-21,"Hedophyllum sessile","YB",1,1.26666666666667,"25","06","23",Jun 2023,"Jun 2023_YB","25_23_YB","Perpetua"
"123",2023-06-21,"Hedophyllum sessile","YB",2,1.33333333333333,"25","06","23",Jun 2023,"Jun 2023_YB","25_23_YB","Perpetua"
"124",2023-06-21,"Hedophyllum sessile","YB",4,2,"25","06","23",Jun 2023,"Jun 2023_YB","25_23_YB","Perpetua"
"125",2023-06-21,"Hedophyllum sessile","YB",5,4.72727272727273,"25","06","23",Jun 2023,"Jun 2023_YB","25_23_YB","Perpetua"
"126",2023-06-21,"Postelsia palmaeformis","YB",1,4,"25","06","23",Jun 2023,"Jun 2023_YB","25_23_YB","Perpetua"
"127",2023-06-21,"Postelsia palmaeformis","YB",2,17,"25","06","23",Jun 2023,"Jun 2023_YB","25_23_YB","Perpetua"
"128",2023-06-21,"Postelsia palmaeformis","YB",3,15.6666666666667,"25","06","23",Jun 2023,"Jun 2023_YB","25_23_YB","Perpetua"
"129",2023-06-21,"Postelsia palmaeformis","YB",4,19.5,"25","06","23",Jun 2023,"Jun 2023_YB","25_23_YB","Perpetua"
"130",2023-06-21,"Postelsia palmaeformis","YB",5,16.3333333333333,"25","06","23",Jun 2023,"Jun 2023_YB","25_23_YB","Perpetua"
"131",2023-07-03,"Egregia menziesii","BB",1,0,"26","07","23",Jul 2023,"Jul 2023_BB","26_23_BB","Foulweather"
"132",2023-07-03,"Egregia menziesii","BB",2,0.5,"26","07","23",Jul 2023,"Jul 2023_BB","26_23_BB","Foulweather"
"133",2023-07-03,"Egregia menziesii","BB",3,1,"26","07","23",Jul 2023,"Jul 2023_BB","26_23_BB","Foulweather"
"134",2023-07-03,"Egregia menziesii","BB",4,0.2,"26","07","23",Jul 2023,"Jul 2023_BB","26_23_BB","Foulweather"
"135",2023-07-03,"Egregia menziesii","BB",5,0.4,"26","07","23",Jul 2023,"Jul 2023_BB","26_23_BB","Foulweather"
"136",2023-07-03,"Lessoniopsis littoralis","BB",1,2.72727272727273,"26","07","23",Jul 2023,"Jul 2023_BB","26_23_BB","Foulweather"
"137",2023-07-03,"Lessoniopsis littoralis","BB",2,4.61538461538461,"26","07","23",Jul 2023,"Jul 2023_BB","26_23_BB","Foulweather"
"138",2023-07-03,"Lessoniopsis littoralis","BB",4,1.16666666666667,"26","07","23",Jul 2023,"Jul 2023_BB","26_23_BB","Foulweather"
"139",2023-07-03,"Lessoniopsis littoralis","BB",5,1.6,"26","07","23",Jul 2023,"Jul 2023_BB","26_23_BB","Foulweather"
"140",2023-07-04,"Egregia menziesii","SH",1,0,"27","07","23",Jul 2023,"Jul 2023_SH","27_23_SH","Perpetua"
"141",2023-07-04,"Egregia menziesii","SH",2,0.8,"27","07","23",Jul 2023,"Jul 2023_SH","27_23_SH","Perpetua"
"142",2023-07-04,"Egregia menziesii","SH",3,0.6,"27","07","23",Jul 2023,"Jul 2023_SH","27_23_SH","Perpetua"
"143",2023-07-04,"Egregia menziesii","SH",5,0.8,"27","07","23",Jul 2023,"Jul 2023_SH","27_23_SH","Perpetua"
"144",2023-07-04,"Egregia menziesii","YB",1,0.666666666666667,"27","07","23",Jul 2023,"Jul 2023_YB","27_23_YB","Perpetua"
"145",2023-07-04,"Egregia menziesii","YB",2,1,"27","07","23",Jul 2023,"Jul 2023_YB","27_23_YB","Perpetua"
"146",2023-07-04,"Egregia menziesii","YB",3,0.666666666666667,"27","07","23",Jul 2023,"Jul 2023_YB","27_23_YB","Perpetua"
"147",2023-07-04,"Hedophyllum sessile","SH",1,1.57142857142857,"27","07","23",Jul 2023,"Jul 2023_SH","27_23_SH","Perpetua"
"148",2023-07-04,"Hedophyllum sessile","SH",2,2.66666666666667,"27","07","23",Jul 2023,"Jul 2023_SH","27_23_SH","Perpetua"
"149",2023-07-04,"Hedophyllum sessile","SH",3,1.66666666666667,"27","07","23",Jul 2023,"Jul 2023_SH","27_23_SH","Perpetua"
"150",2023-07-04,"Hedophyllum sessile","SH",4,1.5,"27","07","23",Jul 2023,"Jul 2023_SH","27_23_SH","Perpetua"
"151",2023-07-04,"Hedophyllum sessile","SH",5,1,"27","07","23",Jul 2023,"Jul 2023_SH","27_23_SH","Perpetua"
"152",2023-07-04,"Hedophyllum sessile","YB",1,1.27272727272727,"27","07","23",Jul 2023,"Jul 2023_YB","27_23_YB","Perpetua"
"153",2023-07-04,"Hedophyllum sessile","YB",2,0.428571428571429,"27","07","23",Jul 2023,"Jul 2023_YB","27_23_YB","Perpetua"
"154",2023-07-04,"Hedophyllum sessile","YB",3,1.44444444444444,"27","07","23",Jul 2023,"Jul 2023_YB","27_23_YB","Perpetua"
"155",2023-07-04,"Hedophyllum sessile","YB",4,2.16666666666667,"27","07","23",Jul 2023,"Jul 2023_YB","27_23_YB","Perpetua"
"156",2023-07-04,"Hedophyllum sessile","YB",5,1.33333333333333,"27","07","23",Jul 2023,"Jul 2023_YB","27_23_YB","Perpetua"
"157",2023-07-04,"Laminaria sinclairii","SH",1,73,"27","07","23",Jul 2023,"Jul 2023_SH","27_23_SH","Perpetua"
"158",2023-07-04,"Laminaria sinclairii","SH",2,21.6666666666667,"27","07","23",Jul 2023,"Jul 2023_SH","27_23_SH","Perpetua"
"159",2023-07-04,"Laminaria sinclairii","SH",3,39.5,"27","07","23",Jul 2023,"Jul 2023_SH","27_23_SH","Perpetua"
"160",2023-07-04,"Laminaria sinclairii","SH",4,27,"27","07","23",Jul 2023,"Jul 2023_SH","27_23_SH","Perpetua"
"161",2023-07-04,"Laminaria sinclairii","SH",5,20.6666666666667,"27","07","23",Jul 2023,"Jul 2023_SH","27_23_SH","Perpetua"
"162",2023-07-04,"Laminaria sinclairii","YB",1,20,"27","07","23",Jul 2023,"Jul 2023_YB","27_23_YB","Perpetua"
"163",2023-07-04,"Laminaria sinclairii","YB",2,18.6666666666667,"27","07","23",Jul 2023,"Jul 2023_YB","27_23_YB","Perpetua"
"164",2023-07-04,"Laminaria sinclairii","YB",3,10.75,"27","07","23",Jul 2023,"Jul 2023_YB","27_23_YB","Perpetua"
"165",2023-07-04,"Laminaria sinclairii","YB",4,15.25,"27","07","23",Jul 2023,"Jul 2023_YB","27_23_YB","Perpetua"
"166",2023-07-04,"Laminaria sinclairii","YB",5,26.6666666666667,"27","07","23",Jul 2023,"Jul 2023_YB","27_23_YB","Perpetua"
"167",2023-07-04,"Postelsia palmaeformis","YB",1,5,"27","07","23",Jul 2023,"Jul 2023_YB","27_23_YB","Perpetua"
"168",2023-07-04,"Postelsia palmaeformis","YB",2,11.6666666666667,"27","07","23",Jul 2023,"Jul 2023_YB","27_23_YB","Perpetua"
"169",2023-07-04,"Postelsia palmaeformis","YB",3,13.8571428571429,"27","07","23",Jul 2023,"Jul 2023_YB","27_23_YB","Perpetua"
"170",2023-07-04,"Postelsia palmaeformis","YB",4,7.75,"27","07","23",Jul 2023,"Jul 2023_YB","27_23_YB","Perpetua"
"171",2023-07-08,"Hedophyllum sessile","CB",1,0,"27","07","23",Jul 2023,"Jul 2023_CB","27_23_CB","Blanco"
"172",2023-07-08,"Hedophyllum sessile","CB",2,1,"27","07","23",Jul 2023,"Jul 2023_CB","27_23_CB","Blanco"
"173",2023-07-08,"Hedophyllum sessile","CB",3,1.33333333333333,"27","07","23",Jul 2023,"Jul 2023_CB","27_23_CB","Blanco"
"174",2023-07-08,"Hedophyllum sessile","CB",4,1,"27","07","23",Jul 2023,"Jul 2023_CB","27_23_CB","Blanco"
"175",2023-07-08,"Hedophyllum sessile","CB",5,0.4,"27","07","23",Jul 2023,"Jul 2023_CB","27_23_CB","Blanco"
"176",2023-07-14,"Egregia menziesii","YB",1,0.6,"28","07","23",Jul 2023,"Jul 2023_YB","28_23_YB","Perpetua"
"177",2023-07-14,"Egregia menziesii","YB",2,0.4,"28","07","23",Jul 2023,"Jul 2023_YB","28_23_YB","Perpetua"
"178",2023-07-14,"Egregia menziesii","YB",3,0.75,"28","07","23",Jul 2023,"Jul 2023_YB","28_23_YB","Perpetua"
"179",2023-07-14,"Hedophyllum sessile","YB",3,0.2,"28","07","23",Jul 2023,"Jul 2023_YB","28_23_YB","Perpetua"
"180",2023-07-14,"Hedophyllum sessile","YB",4,0.666666666666667,"28","07","23",Jul 2023,"Jul 2023_YB","28_23_YB","Perpetua"
"181",2023-07-14,"Postelsia palmaeformis","YB",1,2.33333333333333,"28","07","23",Jul 2023,"Jul 2023_YB","28_23_YB","Perpetua"
"182",2023-07-14,"Postelsia palmaeformis","YB",2,14,"28","07","23",Jul 2023,"Jul 2023_YB","28_23_YB","Perpetua"
"183",2023-07-14,"Postelsia palmaeformis","YB",3,15.5,"28","07","23",Jul 2023,"Jul 2023_YB","28_23_YB","Perpetua"
"184",2023-07-14,"Postelsia palmaeformis","YB",4,15.5,"28","07","23",Jul 2023,"Jul 2023_YB","28_23_YB","Perpetua"
"185",2023-07-14,"Postelsia palmaeformis","YB",5,18.3333333333333,"28","07","23",Jul 2023,"Jul 2023_YB","28_23_YB","Perpetua"
"186",2023-07-15,"Alaria marginata","RP",1,5.42857142857143,"28","07","23",Jul 2023,"Jul 2023_RP","28_23_RP","Blanco"
"187",2023-07-15,"Alaria marginata","RP",2,0.4,"28","07","23",Jul 2023,"Jul 2023_RP","28_23_RP","Blanco"
"188",2023-07-15,"Alaria marginata","RP",3,2.57142857142857,"28","07","23",Jul 2023,"Jul 2023_RP","28_23_RP","Blanco"
"189",2023-07-15,"Alaria marginata","RP",4,3.25,"28","07","23",Jul 2023,"Jul 2023_RP","28_23_RP","Blanco"
"190",2023-07-15,"Alaria marginata","RP",5,1.4,"28","07","23",Jul 2023,"Jul 2023_RP","28_23_RP","Blanco"
"191",2023-07-15,"Egregia menziesii","RP",1,0.4,"28","07","23",Jul 2023,"Jul 2023_RP","28_23_RP","Blanco"
"192",2023-07-15,"Egregia menziesii","RP",2,0.2,"28","07","23",Jul 2023,"Jul 2023_RP","28_23_RP","Blanco"
"193",2023-07-15,"Egregia menziesii","RP",3,0,"28","07","23",Jul 2023,"Jul 2023_RP","28_23_RP","Blanco"
"194",2023-07-15,"Egregia menziesii","RP",4,0,"28","07","23",Jul 2023,"Jul 2023_RP","28_23_RP","Blanco"
"195",2023-07-15,"Egregia menziesii","RP",5,0.2,"28","07","23",Jul 2023,"Jul 2023_RP","28_23_RP","Blanco"
"196",2023-07-15,"Hedophyllum sessile","RP",1,1.375,"28","07","23",Jul 2023,"Jul 2023_RP","28_23_RP","Blanco"
"197",2023-07-15,"Hedophyllum sessile","RP",2,1.66666666666667,"28","07","23",Jul 2023,"Jul 2023_RP","28_23_RP","Blanco"
"198",2023-07-15,"Hedophyllum sessile","RP",3,1.14285714285714,"28","07","23",Jul 2023,"Jul 2023_RP","28_23_RP","Blanco"
"199",2023-07-15,"Hedophyllum sessile","RP",4,1.125,"28","07","23",Jul 2023,"Jul 2023_RP","28_23_RP","Blanco"
"200",2023-07-15,"Hedophyllum sessile","RP",5,0.333333333333333,"28","07","23",Jul 2023,"Jul 2023_RP","28_23_RP","Blanco"
"201",2023-07-16,"Alaria marginata","CB",1,1.85714285714286,"28","07","23",Jul 2023,"Jul 2023_CB","28_23_CB","Blanco"
"202",2023-07-16,"Alaria marginata","CB",2,0.8,"28","07","23",Jul 2023,"Jul 2023_CB","28_23_CB","Blanco"
"203",2023-07-16,"Alaria marginata","CB",3,2.33333333333333,"28","07","23",Jul 2023,"Jul 2023_CB","28_23_CB","Blanco"
"204",2023-07-16,"Alaria marginata","CB",4,3.16666666666667,"28","07","23",Jul 2023,"Jul 2023_CB","28_23_CB","Blanco"
"205",2023-07-16,"Lessoniopsis littoralis","CB",3,2,"28","07","23",Jul 2023,"Jul 2023_CB","28_23_CB","Blanco"
"206",2023-07-16,"Lessoniopsis littoralis","CB",4,1.14285714285714,"28","07","23",Jul 2023,"Jul 2023_CB","28_23_CB","Blanco"
"207",2023-07-16,"Lessoniopsis littoralis","CB",5,1,"28","07","23",Jul 2023,"Jul 2023_CB","28_23_CB","Blanco"
"208",2023-07-16,"Postelsia palmaeformis","CB",1,6.33333333333333,"28","07","23",Jul 2023,"Jul 2023_CB","28_23_CB","Blanco"
"209",2023-07-16,"Postelsia palmaeformis","CB",2,7.66666666666667,"28","07","23",Jul 2023,"Jul 2023_CB","28_23_CB","Blanco"
"210",2023-07-16,"Postelsia palmaeformis","CB",3,7.33333333333333,"28","07","23",Jul 2023,"Jul 2023_CB","28_23_CB","Blanco"
"211",2023-07-16,"Postelsia palmaeformis","CB",4,4,"28","07","23",Jul 2023,"Jul 2023_CB","28_23_CB","Blanco"
"212",2023-07-16,"Postelsia palmaeformis","CB",5,2,"28","07","23",Jul 2023,"Jul 2023_CB","28_23_CB","Blanco"
"213",2023-07-18,"Egregia menziesii","FC",1,0.2,"29","07","23",Jul 2023,"Jul 2023_FC","29_23_FC","Foulweather"
"214",2023-07-18,"Egregia menziesii","FC",3,0.6,"29","07","23",Jul 2023,"Jul 2023_FC","29_23_FC","Foulweather"
"215",2023-07-18,"Egregia menziesii","FC",4,0.4,"29","07","23",Jul 2023,"Jul 2023_FC","29_23_FC","Foulweather"
"216",2023-07-18,"Egregia menziesii","SH",1,0.333333333333333,"29","07","23",Jul 2023,"Jul 2023_SH","29_23_SH","Perpetua"
"217",2023-07-18,"Egregia menziesii","SH",2,1.85714285714286,"29","07","23",Jul 2023,"Jul 2023_SH","29_23_SH","Perpetua"
"218",2023-07-18,"Egregia menziesii","SH",3,1.33333333333333,"29","07","23",Jul 2023,"Jul 2023_SH","29_23_SH","Perpetua"
"219",2023-07-18,"Egregia menziesii","SH",5,0.666666666666667,"29","07","23",Jul 2023,"Jul 2023_SH","29_23_SH","Perpetua"
"220",2023-07-18,"Hedophyllum sessile","FC",1,1,"29","07","23",Jul 2023,"Jul 2023_FC","29_23_FC","Foulweather"
"221",2023-07-18,"Hedophyllum sessile","FC",2,1.5,"29","07","23",Jul 2023,"Jul 2023_FC","29_23_FC","Foulweather"
"222",2023-07-18,"Hedophyllum sessile","FC",4,0.857142857142857,"29","07","23",Jul 2023,"Jul 2023_FC","29_23_FC","Foulweather"
"223",2023-07-18,"Hedophyllum sessile","FC",5,0.666666666666667,"29","07","23",Jul 2023,"Jul 2023_FC","29_23_FC","Foulweather"
"224",2023-07-18,"Hedophyllum sessile","SH",1,2.4,"29","07","23",Jul 2023,"Jul 2023_SH","29_23_SH","Perpetua"
"225",2023-07-18,"Hedophyllum sessile","SH",2,2.83333333333333,"29","07","23",Jul 2023,"Jul 2023_SH","29_23_SH","Perpetua"
"226",2023-07-18,"Hedophyllum sessile","SH",3,1.66666666666667,"29","07","23",Jul 2023,"Jul 2023_SH","29_23_SH","Perpetua"
"227",2023-07-18,"Hedophyllum sessile","SH",4,0.714285714285714,"29","07","23",Jul 2023,"Jul 2023_SH","29_23_SH","Perpetua"
"228",2023-07-18,"Hedophyllum sessile","SH",5,3.83333333333333,"29","07","23",Jul 2023,"Jul 2023_SH","29_23_SH","Perpetua"
"229",2023-07-18,"Laminaria sinclairii","SH",1,43.5,"29","07","23",Jul 2023,"Jul 2023_SH","29_23_SH","Perpetua"
"230",2023-07-18,"Laminaria sinclairii","SH",2,49.5,"29","07","23",Jul 2023,"Jul 2023_SH","29_23_SH","Perpetua"
"231",2023-07-18,"Laminaria sinclairii","SH",3,99,"29","07","23",Jul 2023,"Jul 2023_SH","29_23_SH","Perpetua"
"232",2023-07-18,"Laminaria sinclairii","SH",4,47,"29","07","23",Jul 2023,"Jul 2023_SH","29_23_SH","Perpetua"
"233",2023-07-18,"Laminaria sinclairii","SH",5,24,"29","07","23",Jul 2023,"Jul 2023_SH","29_23_SH","Perpetua"
"234",2023-07-18,"Lessoniopsis littoralis","FC",2,0,"29","07","23",Jul 2023,"Jul 2023_FC","29_23_FC","Foulweather"
"235",2023-07-18,"Lessoniopsis littoralis","FC",3,1,"29","07","23",Jul 2023,"Jul 2023_FC","29_23_FC","Foulweather"
"236",2023-07-18,"Lessoniopsis littoralis","FC",4,3.23076923076923,"29","07","23",Jul 2023,"Jul 2023_FC","29_23_FC","Foulweather"
"237",2023-07-18,"Lessoniopsis littoralis","FC",5,3,"29","07","23",Jul 2023,"Jul 2023_FC","29_23_FC","Foulweather"
"238",2023-07-18,"Postelsia palmaeformis","FC",1,2.33333333333333,"29","07","23",Jul 2023,"Jul 2023_FC","29_23_FC","Foulweather"
"239",2023-07-18,"Postelsia palmaeformis","FC",2,13,"29","07","23",Jul 2023,"Jul 2023_FC","29_23_FC","Foulweather"
"240",2023-07-18,"Postelsia palmaeformis","FC",3,7,"29","07","23",Jul 2023,"Jul 2023_FC","29_23_FC","Foulweather"
"241",2023-07-18,"Postelsia palmaeformis","FC",4,6.5,"29","07","23",Jul 2023,"Jul 2023_FC","29_23_FC","Foulweather"
"242",2023-07-18,"Postelsia palmaeformis","FC",5,15,"29","07","23",Jul 2023,"Jul 2023_FC","29_23_FC","Foulweather"
"243",2023-07-19,"Alaria marginata","BB",2,2.41666666666667,"29","07","23",Jul 2023,"Jul 2023_BB","29_23_BB","Foulweather"
"244",2023-07-19,"Alaria marginata","BB",3,3.5,"29","07","23",Jul 2023,"Jul 2023_BB","29_23_BB","Foulweather"
"245",2023-07-19,"Alaria marginata","BB",5,2.2,"29","07","23",Jul 2023,"Jul 2023_BB","29_23_BB","Foulweather"
"246",2023-07-19,"Egregia menziesii","BB",1,0.8,"29","07","23",Jul 2023,"Jul 2023_BB","29_23_BB","Foulweather"
"247",2023-07-19,"Egregia menziesii","BB",2,0.6,"29","07","23",Jul 2023,"Jul 2023_BB","29_23_BB","Foulweather"
"248",2023-07-19,"Egregia menziesii","BB",3,0.2,"29","07","23",Jul 2023,"Jul 2023_BB","29_23_BB","Foulweather"
"249",2023-07-19,"Egregia menziesii","BB",4,0.2,"29","07","23",Jul 2023,"Jul 2023_BB","29_23_BB","Foulweather"
"250",2023-07-19,"Egregia menziesii","BB",5,0.2,"29","07","23",Jul 2023,"Jul 2023_BB","29_23_BB","Foulweather"
"251",2023-07-19,"Hedophyllum sessile","BB",1,2.69230769230769,"29","07","23",Jul 2023,"Jul 2023_BB","29_23_BB","Foulweather"
"252",2023-07-19,"Hedophyllum sessile","BB",2,1.22222222222222,"29","07","23",Jul 2023,"Jul 2023_BB","29_23_BB","Foulweather"
"253",2023-07-19,"Lessoniopsis littoralis","BB",2,4,"29","07","23",Jul 2023,"Jul 2023_BB","29_23_BB","Foulweather"
"254",2023-07-19,"Lessoniopsis littoralis","BB",5,1.5,"29","07","23",Jul 2023,"Jul 2023_BB","29_23_BB","Foulweather"
"255",2023-07-31,"Egregia menziesii","FC",1,0.4,"30","07","23",Jul 2023,"Jul 2023_FC","30_23_FC","Foulweather"
"256",2023-07-31,"Egregia menziesii","FC",2,0,"30","07","23",Jul 2023,"Jul 2023_FC","30_23_FC","Foulweather"
"257",2023-07-31,"Egregia menziesii","FC",3,0,"30","07","23",Jul 2023,"Jul 2023_FC","30_23_FC","Foulweather"
"258",2023-07-31,"Egregia menziesii","FC",4,0,"30","07","23",Jul 2023,"Jul 2023_FC","30_23_FC","Foulweather"
"259",2023-07-31,"Egregia menziesii","FC",5,0.6,"30","07","23",Jul 2023,"Jul 2023_FC","30_23_FC","Foulweather"
"260",2023-07-31,"Hedophyllum sessile","FC",1,0,"30","07","23",Jul 2023,"Jul 2023_FC","30_23_FC","Foulweather"
"261",2023-07-31,"Hedophyllum sessile","FC",2,0.8,"30","07","23",Jul 2023,"Jul 2023_FC","30_23_FC","Foulweather"
"262",2023-07-31,"Hedophyllum sessile","FC",4,0.8,"30","07","23",Jul 2023,"Jul 2023_FC","30_23_FC","Foulweather"
"263",2023-07-31,"Hedophyllum sessile","FC",5,0.714285714285714,"30","07","23",Jul 2023,"Jul 2023_FC","30_23_FC","Foulweather"
"264",2023-07-31,"Lessoniopsis littoralis","FC",1,2.85714285714286,"30","07","23",Jul 2023,"Jul 2023_FC","30_23_FC","Foulweather"
"265",2023-07-31,"Lessoniopsis littoralis","FC",2,0.2,"30","07","23",Jul 2023,"Jul 2023_FC","30_23_FC","Foulweather"
"266",2023-07-31,"Lessoniopsis littoralis","FC",3,1.6,"30","07","23",Jul 2023,"Jul 2023_FC","30_23_FC","Foulweather"
"267",2023-07-31,"Lessoniopsis littoralis","FC",4,2.375,"30","07","23",Jul 2023,"Jul 2023_FC","30_23_FC","Foulweather"
"268",2023-07-31,"Lessoniopsis littoralis","FC",5,1.75,"30","07","23",Jul 2023,"Jul 2023_FC","30_23_FC","Foulweather"
"269",2023-07-31,"Postelsia palmaeformis","FC",1,3.5,"30","07","23",Jul 2023,"Jul 2023_FC","30_23_FC","Foulweather"
"270",2023-07-31,"Postelsia palmaeformis","FC",2,7.66666666666667,"30","07","23",Jul 2023,"Jul 2023_FC","30_23_FC","Foulweather"
"271",2023-07-31,"Postelsia palmaeformis","FC",3,10,"30","07","23",Jul 2023,"Jul 2023_FC","30_23_FC","Foulweather"
"272",2023-07-31,"Postelsia palmaeformis","FC",4,1,"30","07","23",Jul 2023,"Jul 2023_FC","30_23_FC","Foulweather"
"273",2023-07-31,"Postelsia palmaeformis","FC",5,11.3333333333333,"30","07","23",Jul 2023,"Jul 2023_FC","30_23_FC","Foulweather"
"274",2023-08-01,"Alaria marginata","BB",1,2.42857142857143,"31","08","23",Aug 2023,"Aug 2023_BB","31_23_BB","Foulweather"
"275",2023-08-01,"Alaria marginata","BB",2,2.875,"31","08","23",Aug 2023,"Aug 2023_BB","31_23_BB","Foulweather"
"276",2023-08-01,"Alaria marginata","BB",3,7,"31","08","23",Aug 2023,"Aug 2023_BB","31_23_BB","Foulweather"
"277",2023-08-01,"Alaria marginata","BB",5,4.5,"31","08","23",Aug 2023,"Aug 2023_BB","31_23_BB","Foulweather"
"278",2023-08-01,"Hedophyllum sessile","BB",1,1,"31","08","23",Aug 2023,"Aug 2023_BB","31_23_BB","Foulweather"
"279",2023-08-01,"Hedophyllum sessile","BB",2,0.6,"31","08","23",Aug 2023,"Aug 2023_BB","31_23_BB","Foulweather"
"280",2023-08-01,"Hedophyllum sessile","BB",3,0.666666666666667,"31","08","23",Aug 2023,"Aug 2023_BB","31_23_BB","Foulweather"
"281",2023-08-01,"Hedophyllum sessile","BB",4,1.16666666666667,"31","08","23",Aug 2023,"Aug 2023_BB","31_23_BB","Foulweather"
"282",2023-08-01,"Hedophyllum sessile","BB",5,0.2,"31","08","23",Aug 2023,"Aug 2023_BB","31_23_BB","Foulweather"
"283",2023-08-02,"Hedophyllum sessile","YB",1,5,"31","08","23",Aug 2023,"Aug 2023_YB","31_23_YB","Perpetua"
"284",2023-08-02,"Hedophyllum sessile","YB",2,1.42857142857143,"31","08","23",Aug 2023,"Aug 2023_YB","31_23_YB","Perpetua"
"285",2023-08-02,"Hedophyllum sessile","YB",3,1,"31","08","23",Aug 2023,"Aug 2023_YB","31_23_YB","Perpetua"
"286",2023-08-02,"Hedophyllum sessile","YB",4,2.75,"31","08","23",Aug 2023,"Aug 2023_YB","31_23_YB","Perpetua"
"287",2023-08-02,"Hedophyllum sessile","YB",5,0.714285714285714,"31","08","23",Aug 2023,"Aug 2023_YB","31_23_YB","Perpetua"
"288",2023-08-02,"Postelsia palmaeformis","YB",1,5,"31","08","23",Aug 2023,"Aug 2023_YB","31_23_YB","Perpetua"
"289",2023-08-02,"Postelsia palmaeformis","YB",2,8,"31","08","23",Aug 2023,"Aug 2023_YB","31_23_YB","Perpetua"
"290",2023-08-02,"Postelsia palmaeformis","YB",3,10.6666666666667,"31","08","23",Aug 2023,"Aug 2023_YB","31_23_YB","Perpetua"
"291",2023-08-02,"Postelsia palmaeformis","YB",4,7.66666666666667,"31","08","23",Aug 2023,"Aug 2023_YB","31_23_YB","Perpetua"
"292",2023-08-02,"Postelsia palmaeformis","YB",5,17,"31","08","23",Aug 2023,"Aug 2023_YB","31_23_YB","Perpetua"
"293",2023-08-03,"Hedophyllum sessile","CB",1,0.5,"31","08","23",Aug 2023,"Aug 2023_CB","31_23_CB","Blanco"
"294",2023-08-03,"Hedophyllum sessile","CB",2,0.666666666666667,"31","08","23",Aug 2023,"Aug 2023_CB","31_23_CB","Blanco"
"295",2023-08-03,"Hedophyllum sessile","CB",3,1.18181818181818,"31","08","23",Aug 2023,"Aug 2023_CB","31_23_CB","Blanco"
"296",2023-08-03,"Hedophyllum sessile","CB",4,0.4,"31","08","23",Aug 2023,"Aug 2023_CB","31_23_CB","Blanco"
"297",2023-08-03,"Hedophyllum sessile","CB",5,0.666666666666667,"31","08","23",Aug 2023,"Aug 2023_CB","31_23_CB","Blanco"
"298",2023-08-03,"Lessoniopsis littoralis","CB",1,1.2,"31","08","23",Aug 2023,"Aug 2023_CB","31_23_CB","Blanco"
"299",2023-08-03,"Lessoniopsis littoralis","CB",2,1.14285714285714,"31","08","23",Aug 2023,"Aug 2023_CB","31_23_CB","Blanco"
"300",2023-08-03,"Lessoniopsis littoralis","CB",3,0.6,"31","08","23",Aug 2023,"Aug 2023_CB","31_23_CB","Blanco"
"301",2023-08-03,"Lessoniopsis littoralis","CB",4,0.6,"31","08","23",Aug 2023,"Aug 2023_CB","31_23_CB","Blanco"
"302",2023-08-03,"Lessoniopsis littoralis","CB",5,0.833333333333333,"31","08","23",Aug 2023,"Aug 2023_CB","31_23_CB","Blanco"
"303",2023-08-04,"Alaria marginata","CB",1,1.33333333333333,"31","08","23",Aug 2023,"Aug 2023_CB","31_23_CB","Blanco"
"304",2023-08-04,"Alaria marginata","CB",2,0,"31","08","23",Aug 2023,"Aug 2023_CB","31_23_CB","Blanco"
"305",2023-08-04,"Alaria marginata","CB",3,1,"31","08","23",Aug 2023,"Aug 2023_CB","31_23_CB","Blanco"
"306",2023-08-04,"Alaria marginata","CB",4,2.125,"31","08","23",Aug 2023,"Aug 2023_CB","31_23_CB","Blanco"
"307",2023-08-04,"Alaria marginata","CB",5,0.833333333333333,"31","08","23",Aug 2023,"Aug 2023_CB","31_23_CB","Blanco"
"308",2023-08-04,"Egregia menziesii","CB",2,0.2,"31","08","23",Aug 2023,"Aug 2023_CB","31_23_CB","Blanco"
"309",2023-08-04,"Egregia menziesii","CB",3,0,"31","08","23",Aug 2023,"Aug 2023_CB","31_23_CB","Blanco"
"310",2023-08-04,"Egregia menziesii","CB",4,0,"31","08","23",Aug 2023,"Aug 2023_CB","31_23_CB","Blanco"
"311",2023-08-04,"Postelsia palmaeformis","CB",1,13,"31","08","23",Aug 2023,"Aug 2023_CB","31_23_CB","Blanco"
"312",2023-08-04,"Postelsia palmaeformis","CB",2,8,"31","08","23",Aug 2023,"Aug 2023_CB","31_23_CB","Blanco"
"313",2023-08-04,"Postelsia palmaeformis","CB",3,6.33333333333333,"31","08","23",Aug 2023,"Aug 2023_CB","31_23_CB","Blanco"
"314",2023-08-04,"Postelsia palmaeformis","CB",4,4,"31","08","23",Aug 2023,"Aug 2023_CB","31_23_CB","Blanco"
"315",2023-08-04,"Postelsia palmaeformis","CB",5,3.5,"31","08","23",Aug 2023,"Aug 2023_CB","31_23_CB","Blanco"
"316",2023-08-05,"Hedophyllum sessile","RP",4,0.4,"31","08","23",Aug 2023,"Aug 2023_RP","31_23_RP","Blanco"
"317",2023-08-16,"Egregia menziesii","YB",1,0.2,"33","08","23",Aug 2023,"Aug 2023_YB","33_23_YB","Perpetua"
"318",2023-08-16,"Egregia menziesii","YB",2,0.2,"33","08","23",Aug 2023,"Aug 2023_YB","33_23_YB","Perpetua"
"319",2023-08-16,"Egregia menziesii","YB",3,0.4,"33","08","23",Aug 2023,"Aug 2023_YB","33_23_YB","Perpetua"
"320",2023-08-16,"Postelsia palmaeformis","YB",3,8.5,"33","08","23",Aug 2023,"Aug 2023_YB","33_23_YB","Perpetua"
"321",2023-08-16,"Postelsia palmaeformis","YB",4,7.5,"33","08","23",Aug 2023,"Aug 2023_YB","33_23_YB","Perpetua"
"322",2023-08-16,"Postelsia palmaeformis","YB",5,7,"33","08","23",Aug 2023,"Aug 2023_YB","33_23_YB","Perpetua"
"323",2023-08-29,"Egregia menziesii","YB",1,0,"35","08","23",Aug 2023,"Aug 2023_YB","35_23_YB","Perpetua"
"324",2023-08-29,"Egregia menziesii","YB",2,0,"35","08","23",Aug 2023,"Aug 2023_YB","35_23_YB","Perpetua"
"325",2023-08-29,"Egregia menziesii","YB",3,0.2,"35","08","23",Aug 2023,"Aug 2023_YB","35_23_YB","Perpetua"
"326",2023-08-29,"Hedophyllum sessile","YB",1,4.42857142857143,"35","08","23",Aug 2023,"Aug 2023_YB","35_23_YB","Perpetua"
"327",2023-08-29,"Hedophyllum sessile","YB",2,1.83333333333333,"35","08","23",Aug 2023,"Aug 2023_YB","35_23_YB","Perpetua"
"328",2023-08-29,"Hedophyllum sessile","YB",3,1.4,"35","08","23",Aug 2023,"Aug 2023_YB","35_23_YB","Perpetua"
"329",2023-08-29,"Hedophyllum sessile","YB",4,2.2,"35","08","23",Aug 2023,"Aug 2023_YB","35_23_YB","Perpetua"
"330",2023-08-29,"Hedophyllum sessile","YB",5,0.4,"35","08","23",Aug 2023,"Aug 2023_YB","35_23_YB","Perpetua"
"331",2023-08-29,"Laminaria sinclairii","YB",1,11.6666666666667,"35","08","23",Aug 2023,"Aug 2023_YB","35_23_YB","Perpetua"
"332",2023-08-29,"Laminaria sinclairii","YB",2,14.6666666666667,"35","08","23",Aug 2023,"Aug 2023_YB","35_23_YB","Perpetua"
"333",2023-08-29,"Laminaria sinclairii","YB",3,22,"35","08","23",Aug 2023,"Aug 2023_YB","35_23_YB","Perpetua"
"334",2023-08-29,"Laminaria sinclairii","YB",4,11,"35","08","23",Aug 2023,"Aug 2023_YB","35_23_YB","Perpetua"
"335",2023-08-29,"Laminaria sinclairii","YB",5,10,"35","08","23",Aug 2023,"Aug 2023_YB","35_23_YB","Perpetua"
"336",2023-08-29,"Postelsia palmaeformis","YB",1,1,"35","08","23",Aug 2023,"Aug 2023_YB","35_23_YB","Perpetua"
"337",2023-08-29,"Postelsia palmaeformis","YB",2,5,"35","08","23",Aug 2023,"Aug 2023_YB","35_23_YB","Perpetua"
"338",2023-08-29,"Postelsia palmaeformis","YB",3,8.5,"35","08","23",Aug 2023,"Aug 2023_YB","35_23_YB","Perpetua"
"339",2023-08-29,"Postelsia palmaeformis","YB",4,5.66666666666667,"35","08","23",Aug 2023,"Aug 2023_YB","35_23_YB","Perpetua"
"340",2023-08-29,"Postelsia palmaeformis","YB",5,9,"35","08","23",Aug 2023,"Aug 2023_YB","35_23_YB","Perpetua"
"341",2023-08-30,"Egregia menziesii","SH",1,0.2,"35","08","23",Aug 2023,"Aug 2023_SH","35_23_SH","Perpetua"
"342",2023-08-30,"Hedophyllum sessile","CB",1,0,"35","08","23",Aug 2023,"Aug 2023_CB","35_23_CB","Blanco"
"343",2023-08-30,"Hedophyllum sessile","CB",2,2.2,"35","08","23",Aug 2023,"Aug 2023_CB","35_23_CB","Blanco"
"344",2023-08-30,"Hedophyllum sessile","CB",3,2.85714285714286,"35","08","23",Aug 2023,"Aug 2023_CB","35_23_CB","Blanco"
"345",2023-08-30,"Hedophyllum sessile","CB",4,0,"35","08","23",Aug 2023,"Aug 2023_CB","35_23_CB","Blanco"
"346",2023-08-30,"Hedophyllum sessile","CB",5,0.8,"35","08","23",Aug 2023,"Aug 2023_CB","35_23_CB","Blanco"
"347",2023-08-30,"Hedophyllum sessile","FC",2,0.2,"35","08","23",Aug 2023,"Aug 2023_FC","35_23_FC","Foulweather"
"348",2023-08-30,"Hedophyllum sessile","FC",5,0.4,"35","08","23",Aug 2023,"Aug 2023_FC","35_23_FC","Foulweather"
"349",2023-08-30,"Hedophyllum sessile","SH",1,0.5,"35","08","23",Aug 2023,"Aug 2023_SH","35_23_SH","Perpetua"
"350",2023-08-30,"Hedophyllum sessile","SH",2,1,"35","08","23",Aug 2023,"Aug 2023_SH","35_23_SH","Perpetua"
"351",2023-08-30,"Hedophyllum sessile","SH",3,0.666666666666667,"35","08","23",Aug 2023,"Aug 2023_SH","35_23_SH","Perpetua"
"352",2023-08-30,"Hedophyllum sessile","SH",4,0,"35","08","23",Aug 2023,"Aug 2023_SH","35_23_SH","Perpetua"
"353",2023-08-30,"Lessoniopsis littoralis","CB",1,1,"35","08","23",Aug 2023,"Aug 2023_CB","35_23_CB","Blanco"
"354",2023-08-30,"Lessoniopsis littoralis","CB",2,0.8,"35","08","23",Aug 2023,"Aug 2023_CB","35_23_CB","Blanco"
"355",2023-08-30,"Lessoniopsis littoralis","CB",3,0.4,"35","08","23",Aug 2023,"Aug 2023_CB","35_23_CB","Blanco"
"356",2023-08-30,"Lessoniopsis littoralis","CB",4,0.2,"35","08","23",Aug 2023,"Aug 2023_CB","35_23_CB","Blanco"
"357",2023-08-30,"Lessoniopsis littoralis","CB",5,1,"35","08","23",Aug 2023,"Aug 2023_CB","35_23_CB","Blanco"
"358",2023-08-30,"Postelsia palmaeformis","CB",1,2.5,"35","08","23",Aug 2023,"Aug 2023_CB","35_23_CB","Blanco"
"359",2023-08-30,"Postelsia palmaeformis","CB",2,5.5,"35","08","23",Aug 2023,"Aug 2023_CB","35_23_CB","Blanco"
"360",2023-08-30,"Postelsia palmaeformis","CB",3,2.5,"35","08","23",Aug 2023,"Aug 2023_CB","35_23_CB","Blanco"
"361",2023-08-30,"Postelsia palmaeformis","CB",4,3,"35","08","23",Aug 2023,"Aug 2023_CB","35_23_CB","Blanco"
"362",2023-08-30,"Postelsia palmaeformis","CB",5,4.5,"35","08","23",Aug 2023,"Aug 2023_CB","35_23_CB","Blanco"
"363",2023-08-30,"Postelsia palmaeformis","FC",1,2.75,"35","08","23",Aug 2023,"Aug 2023_FC","35_23_FC","Foulweather"
"364",2023-08-30,"Postelsia palmaeformis","FC",3,8,"35","08","23",Aug 2023,"Aug 2023_FC","35_23_FC","Foulweather"
"365",2023-08-30,"Postelsia palmaeformis","FC",4,2,"35","08","23",Aug 2023,"Aug 2023_FC","35_23_FC","Foulweather"
"366",2023-08-30,"Postelsia palmaeformis","FC",5,5.5,"35","08","23",Aug 2023,"Aug 2023_FC","35_23_FC","Foulweather"
"367",2023-08-31,"Alaria marginata","RP",1,1.4,"35","08","23",Aug 2023,"Aug 2023_RP","35_23_RP","Blanco"
"368",2023-08-31,"Alaria marginata","RP",2,0,"35","08","23",Aug 2023,"Aug 2023_RP","35_23_RP","Blanco"
"369",2023-08-31,"Alaria marginata","RP",3,1.4,"35","08","23",Aug 2023,"Aug 2023_RP","35_23_RP","Blanco"
"370",2023-08-31,"Alaria marginata","RP",4,1.8,"35","08","23",Aug 2023,"Aug 2023_RP","35_23_RP","Blanco"
"371",2023-08-31,"Egregia menziesii","RP",1,0,"35","08","23",Aug 2023,"Aug 2023_RP","35_23_RP","Blanco"
"372",2023-08-31,"Egregia menziesii","RP",2,0.4,"35","08","23",Aug 2023,"Aug 2023_RP","35_23_RP","Blanco"
"373",2023-08-31,"Egregia menziesii","RP",3,0,"35","08","23",Aug 2023,"Aug 2023_RP","35_23_RP","Blanco"
"374",2023-08-31,"Egregia menziesii","RP",4,0,"35","08","23",Aug 2023,"Aug 2023_RP","35_23_RP","Blanco"
"375",2023-08-31,"Hedophyllum sessile","RP",1,2.5,"35","08","23",Aug 2023,"Aug 2023_RP","35_23_RP","Blanco"
"376",2023-08-31,"Hedophyllum sessile","RP",2,2.83333333333333,"35","08","23",Aug 2023,"Aug 2023_RP","35_23_RP","Blanco"
"377",2023-08-31,"Hedophyllum sessile","RP",3,4.85714285714286,"35","08","23",Aug 2023,"Aug 2023_RP","35_23_RP","Blanco"
"378",2023-08-31,"Hedophyllum sessile","RP",4,2,"35","08","23",Aug 2023,"Aug 2023_RP","35_23_RP","Blanco"
"379",2023-08-31,"Hedophyllum sessile","RP",5,1.6,"35","08","23",Aug 2023,"Aug 2023_RP","35_23_RP","Blanco"
"380",2023-09-01,"Alaria marginata","TK",2,2.16666666666667,"35","09","23",Sep 2023,"Sep 2023_TK","35_23_TK","Perpetua"
"381",2023-09-01,"Alaria marginata","TK",3,1.4,"35","09","23",Sep 2023,"Sep 2023_TK","35_23_TK","Perpetua"
"382",2023-09-01,"Alaria marginata","TK",4,0.2,"35","09","23",Sep 2023,"Sep 2023_TK","35_23_TK","Perpetua"
"383",2023-09-01,"Alaria marginata","TK",5,0,"35","09","23",Sep 2023,"Sep 2023_TK","35_23_TK","Perpetua"
"384",2023-09-01,"Egregia menziesii","BB",1,0,"35","09","23",Sep 2023,"Sep 2023_BB","35_23_BB","Foulweather"
"385",2023-09-01,"Egregia menziesii","BB",2,0,"35","09","23",Sep 2023,"Sep 2023_BB","35_23_BB","Foulweather"
"386",2023-09-01,"Egregia menziesii","BB",3,0,"35","09","23",Sep 2023,"Sep 2023_BB","35_23_BB","Foulweather"
"387",2023-09-01,"Egregia menziesii","BB",4,0,"35","09","23",Sep 2023,"Sep 2023_BB","35_23_BB","Foulweather"
"388",2023-09-01,"Egregia menziesii","BB",5,0.2,"35","09","23",Sep 2023,"Sep 2023_BB","35_23_BB","Foulweather"
"389",2023-09-01,"Hedophyllum sessile","BB",1,0.833333333333333,"35","09","23",Sep 2023,"Sep 2023_BB","35_23_BB","Foulweather"
"390",2023-09-01,"Hedophyllum sessile","BB",2,1.22222222222222,"35","09","23",Sep 2023,"Sep 2023_BB","35_23_BB","Foulweather"
"391",2023-09-01,"Hedophyllum sessile","BB",3,1.44444444444444,"35","09","23",Sep 2023,"Sep 2023_BB","35_23_BB","Foulweather"
"392",2023-09-01,"Hedophyllum sessile","BB",4,0.2,"35","09","23",Sep 2023,"Sep 2023_BB","35_23_BB","Foulweather"
"393",2023-11-27,"Egregia menziesii","YB",1,0,"47","11","23",Nov 2023,"Nov 2023_YB","47_23_YB","Perpetua"
"394",2023-11-27,"Egregia menziesii","YB",2,0,"47","11","23",Nov 2023,"Nov 2023_YB","47_23_YB","Perpetua"
"395",2023-11-27,"Egregia menziesii","YB",3,0,"47","11","23",Nov 2023,"Nov 2023_YB","47_23_YB","Perpetua"
"396",2023-11-27,"Hedophyllum sessile","YB",1,3.83333333333333,"47","11","23",Nov 2023,"Nov 2023_YB","47_23_YB","Perpetua"
"397",2023-11-27,"Hedophyllum sessile","YB",2,1.875,"47","11","23",Nov 2023,"Nov 2023_YB","47_23_YB","Perpetua"
"398",2023-11-27,"Hedophyllum sessile","YB",3,0.4,"47","11","23",Nov 2023,"Nov 2023_YB","47_23_YB","Perpetua"
"399",2023-11-27,"Hedophyllum sessile","YB",4,1.33333333333333,"47","11","23",Nov 2023,"Nov 2023_YB","47_23_YB","Perpetua"
"400",2023-11-27,"Hedophyllum sessile","YB",5,0,"47","11","23",Nov 2023,"Nov 2023_YB","47_23_YB","Perpetua"
"401",2023-11-27,"Postelsia palmaeformis","YB",1,0,"47","11","23",Nov 2023,"Nov 2023_YB","47_23_YB","Perpetua"
"402",2023-11-27,"Postelsia palmaeformis","YB",2,0,"47","11","23",Nov 2023,"Nov 2023_YB","47_23_YB","Perpetua"
"403",2023-11-27,"Postelsia palmaeformis","YB",3,0,"47","11","23",Nov 2023,"Nov 2023_YB","47_23_YB","Perpetua"
"404",2023-11-27,"Postelsia palmaeformis","YB",4,0,"47","11","23",Nov 2023,"Nov 2023_YB","47_23_YB","Perpetua"
"405",2023-11-27,"Postelsia palmaeformis","YB",5,0,"47","11","23",Nov 2023,"Nov 2023_YB","47_23_YB","Perpetua"
"406",2023-11-28,"Hedophyllum sessile","BB",1,1,"48","11","23",Nov 2023,"Nov 2023_BB","48_23_BB","Foulweather"
"407",2023-11-28,"Hedophyllum sessile","BB",2,1.4,"48","11","23",Nov 2023,"Nov 2023_BB","48_23_BB","Foulweather"
"408",2023-11-28,"Hedophyllum sessile","BB",3,6.2,"48","11","23",Nov 2023,"Nov 2023_BB","48_23_BB","Foulweather"
"409",2023-11-28,"Hedophyllum sessile","BB",4,1.16666666666667,"48","11","23",Nov 2023,"Nov 2023_BB","48_23_BB","Foulweather"
"410",2023-11-28,"Hedophyllum sessile","BB",5,1.85714285714286,"48","11","23",Nov 2023,"Nov 2023_BB","48_23_BB","Foulweather"
"411",2023-11-29,"Hedophyllum sessile","FC",1,1.8,"48","11","23",Nov 2023,"Nov 2023_FC","48_23_FC","Foulweather"
"412",2023-11-29,"Hedophyllum sessile","FC",2,0.8,"48","11","23",Nov 2023,"Nov 2023_FC","48_23_FC","Foulweather"
"413",2023-11-29,"Hedophyllum sessile","FC",4,2.375,"48","11","23",Nov 2023,"Nov 2023_FC","48_23_FC","Foulweather"
"414",2023-11-29,"Hedophyllum sessile","FC",5,1.5,"48","11","23",Nov 2023,"Nov 2023_FC","48_23_FC","Foulweather"
"415",2023-12-12,"Hedophyllum sessile","BB",1,2.54545454545455,"50","12","23",Dec 2023,"Dec 2023_BB","50_23_BB","Foulweather"
"416",2023-12-12,"Hedophyllum sessile","BB",2,2.14285714285714,"50","12","23",Dec 2023,"Dec 2023_BB","50_23_BB","Foulweather"
"417",2023-12-12,"Hedophyllum sessile","BB",3,5.18181818181818,"50","12","23",Dec 2023,"Dec 2023_BB","50_23_BB","Foulweather"
"418",2023-12-12,"Hedophyllum sessile","BB",4,0.666666666666667,"50","12","23",Dec 2023,"Dec 2023_BB","50_23_BB","Foulweather"
"419",2023-12-12,"Hedophyllum sessile","BB",5,1.77777777777778,"50","12","23",Dec 2023,"Dec 2023_BB","50_23_BB","Foulweather"
"420",2023-12-12,"Hedophyllum sessile","FC",1,2.14285714285714,"50","12","23",Dec 2023,"Dec 2023_FC","50_23_FC","Foulweather"
"421",2023-12-12,"Hedophyllum sessile","FC",2,3,"50","12","23",Dec 2023,"Dec 2023_FC","50_23_FC","Foulweather"
"422",2023-12-12,"Hedophyllum sessile","FC",4,2.85714285714286,"50","12","23",Dec 2023,"Dec 2023_FC","50_23_FC","Foulweather"
"423",2023-12-12,"Hedophyllum sessile","FC",5,1.25,"50","12","23",Dec 2023,"Dec 2023_FC","50_23_FC","Foulweather"
"424",2023-12-13,"Hedophyllum sessile","SH",1,2.5,"50","12","23",Dec 2023,"Dec 2023_SH","50_23_SH","Perpetua"
"425",2023-12-13,"Hedophyllum sessile","SH",2,3.1,"50","12","23",Dec 2023,"Dec 2023_SH","50_23_SH","Perpetua"
"426",2023-12-13,"Hedophyllum sessile","SH",3,2.75,"50","12","23",Dec 2023,"Dec 2023_SH","50_23_SH","Perpetua"
"427",2023-12-13,"Hedophyllum sessile","SH",4,4,"50","12","23",Dec 2023,"Dec 2023_SH","50_23_SH","Perpetua"
"428",2023-12-13,"Hedophyllum sessile","SH",5,2.625,"50","12","23",Dec 2023,"Dec 2023_SH","50_23_SH","Perpetua"
"429",2023-12-13,"Laminaria sinclairii","SH",1,35,"50","12","23",Dec 2023,"Dec 2023_SH","50_23_SH","Perpetua"
"430",2023-12-13,"Laminaria sinclairii","SH",2,16,"50","12","23",Dec 2023,"Dec 2023_SH","50_23_SH","Perpetua"
"431",2023-12-13,"Laminaria sinclairii","SH",3,24,"50","12","23",Dec 2023,"Dec 2023_SH","50_23_SH","Perpetua"
"432",2023-12-13,"Laminaria sinclairii","SH",4,66,"50","12","23",Dec 2023,"Dec 2023_SH","50_23_SH","Perpetua"
"433",2023-12-13,"Laminaria sinclairii","SH",5,28,"50","12","23",Dec 2023,"Dec 2023_SH","50_23_SH","Perpetua"
"434",2024-02-09,"Hedophyllum sessile","BB",1,1.08333333333333,"06","02","24",Feb 2024,"Feb 2024_BB","06_24_BB","Foulweather"
"435",2024-02-09,"Hedophyllum sessile","BB",2,0.363636363636364,"06","02","24",Feb 2024,"Feb 2024_BB","06_24_BB","Foulweather"
"436",2024-02-09,"Hedophyllum sessile","BB",3,1.16666666666667,"06","02","24",Feb 2024,"Feb 2024_BB","06_24_BB","Foulweather"
"437",2024-02-09,"Hedophyllum sessile","BB",4,0.181818181818182,"06","02","24",Feb 2024,"Feb 2024_BB","06_24_BB","Foulweather"
"438",2024-02-09,"Hedophyllum sessile","BB",5,0.583333333333333,"06","02","24",Feb 2024,"Feb 2024_BB","06_24_BB","Foulweather"
"439",2024-03-08,"Hedophyllum sessile","YB",1,1.14285714285714,"10","03","24",Mar 2024,"Mar 2024_YB","10_24_YB","Perpetua"
"440",2024-03-08,"Hedophyllum sessile","YB",3,0,"10","03","24",Mar 2024,"Mar 2024_YB","10_24_YB","Perpetua"
"441",2024-03-08,"Hedophyllum sessile","YB",4,1.57142857142857,"10","03","24",Mar 2024,"Mar 2024_YB","10_24_YB","Perpetua"
"442",2024-03-08,"Hedophyllum sessile","YB",5,0,"10","03","24",Mar 2024,"Mar 2024_YB","10_24_YB","Perpetua"
"443",2024-03-08,"Postelsia palmaeformis","YB",1,10,"10","03","24",Mar 2024,"Mar 2024_YB","10_24_YB","Perpetua"
"444",2024-03-08,"Postelsia palmaeformis","YB",2,16,"10","03","24",Mar 2024,"Mar 2024_YB","10_24_YB","Perpetua"
"445",2024-03-08,"Postelsia palmaeformis","YB",3,1,"10","03","24",Mar 2024,"Mar 2024_YB","10_24_YB","Perpetua"
"446",2024-04-09,"Alaria marginata","BB",5,1.1,"15","04","24",Apr 2024,"Apr 2024_BB","15_24_BB","Foulweather"
"447",2024-04-09,"Hedophyllum sessile","BB",1,1.16666666666667,"15","04","24",Apr 2024,"Apr 2024_BB","15_24_BB","Foulweather"
"448",2024-04-09,"Hedophyllum sessile","BB",3,3.3,"15","04","24",Apr 2024,"Apr 2024_BB","15_24_BB","Foulweather"
"449",2024-04-09,"Hedophyllum sessile","BB",4,NA,"15","04","24",Apr 2024,"Apr 2024_BB","15_24_BB","Foulweather"
"450",2024-04-09,"Hedophyllum sessile","BB",5,1.22222222222222,"15","04","24",Apr 2024,"Apr 2024_BB","15_24_BB","Foulweather"
"451",2024-04-11,"Hedophyllum sessile","YB",2,1.71428571428571,"15","04","24",Apr 2024,"Apr 2024_YB","15_24_YB","Perpetua"
"452",2024-04-11,"Hedophyllum sessile","YB",3,1,"15","04","24",Apr 2024,"Apr 2024_YB","15_24_YB","Perpetua"
"453",2024-04-11,"Hedophyllum sessile","YB",4,2.8,"15","04","24",Apr 2024,"Apr 2024_YB","15_24_YB","Perpetua"
"454",2024-04-11,"Hedophyllum sessile","YB",5,0,"15","04","24",Apr 2024,"Apr 2024_YB","15_24_YB","Perpetua"
"455",2024-04-11,"Postelsia palmaeformis","YB",1,6.5,"15","04","24",Apr 2024,"Apr 2024_YB","15_24_YB","Perpetua"
"456",2024-04-11,"Postelsia palmaeformis","YB",2,15,"15","04","24",Apr 2024,"Apr 2024_YB","15_24_YB","Perpetua"
"457",2024-04-11,"Postelsia palmaeformis","YB",3,0,"15","04","24",Apr 2024,"Apr 2024_YB","15_24_YB","Perpetua"
"458",2024-04-11,"Postelsia palmaeformis","YB",4,2.66666666666667,"15","04","24",Apr 2024,"Apr 2024_YB","15_24_YB","Perpetua"
"459",2024-04-11,"Postelsia palmaeformis","YB",5,6,"15","04","24",Apr 2024,"Apr 2024_YB","15_24_YB","Perpetua"
"460",2024-04-12,"Alaria marginata","TK",2,0.2,"15","04","24",Apr 2024,"Apr 2024_TK","15_24_TK","Perpetua"
"461",2024-04-12,"Alaria marginata","TK",3,0.5,"15","04","24",Apr 2024,"Apr 2024_TK","15_24_TK","Perpetua"
"462",2024-04-12,"Alaria marginata","TK",4,0,"15","04","24",Apr 2024,"Apr 2024_TK","15_24_TK","Perpetua"
"463",2024-04-12,"Alaria marginata","TK",5,0,"15","04","24",Apr 2024,"Apr 2024_TK","15_24_TK","Perpetua"
"464",2024-04-25,"Hedophyllum sessile","BB",1,0.857142857142857,"17","04","24",Apr 2024,"Apr 2024_BB","17_24_BB","Foulweather"
"465",2024-04-25,"Hedophyllum sessile","BB",2,1,"17","04","24",Apr 2024,"Apr 2024_BB","17_24_BB","Foulweather"
"466",2024-04-25,"Hedophyllum sessile","BB",3,0.5,"17","04","24",Apr 2024,"Apr 2024_BB","17_24_BB","Foulweather"
"467",2024-04-25,"Hedophyllum sessile","BB",4,0.2,"17","04","24",Apr 2024,"Apr 2024_BB","17_24_BB","Foulweather"
"468",2024-04-25,"Hedophyllum sessile","BB",5,1.33333333333333,"17","04","24",Apr 2024,"Apr 2024_BB","17_24_BB","Foulweather"
"469",2024-05-22,"Alaria marginata","TK",1,6.15,"21","05","24",May 2024,"May 2024_TK","21_24_TK","Perpetua"
"470",2024-05-22,"Alaria marginata","TK",2,16.7727272727273,"21","05","24",May 2024,"May 2024_TK","21_24_TK","Perpetua"
"471",2024-05-22,"Alaria marginata","TK",3,15.5,"21","05","24",May 2024,"May 2024_TK","21_24_TK","Perpetua"
"472",2024-05-22,"Alaria marginata","TK",4,17.5625,"21","05","24",May 2024,"May 2024_TK","21_24_TK","Perpetua"
"473",2024-05-22,"Alaria marginata","TK",5,9.88888888888889,"21","05","24",May 2024,"May 2024_TK","21_24_TK","Perpetua"
"474",2024-05-23,"Egregia menziesii","FC",1,0,"21","05","24",May 2024,"May 2024_FC","21_24_FC","Foulweather"
"475",2024-05-23,"Egregia menziesii","FC",2,0.2,"21","05","24",May 2024,"May 2024_FC","21_24_FC","Foulweather"
"476",2024-05-23,"Egregia menziesii","FC",3,0,"21","05","24",May 2024,"May 2024_FC","21_24_FC","Foulweather"
"477",2024-05-23,"Egregia menziesii","FC",4,0,"21","05","24",May 2024,"May 2024_FC","21_24_FC","Foulweather"
"478",2024-05-23,"Postelsia palmaeformis","FC",1,12.25,"21","05","24",May 2024,"May 2024_FC","21_24_FC","Foulweather"
"479",2024-05-23,"Postelsia palmaeformis","FC",2,15,"21","05","24",May 2024,"May 2024_FC","21_24_FC","Foulweather"
"480",2024-05-23,"Postelsia palmaeformis","FC",3,12.6666666666667,"21","05","24",May 2024,"May 2024_FC","21_24_FC","Foulweather"
"481",2024-05-23,"Postelsia palmaeformis","FC",4,4.75,"21","05","24",May 2024,"May 2024_FC","21_24_FC","Foulweather"
"482",2024-05-23,"Postelsia palmaeformis","FC",5,13,"21","05","24",May 2024,"May 2024_FC","21_24_FC","Foulweather"
"483",2024-05-24,"Alaria marginata","BB",2,1.85714285714286,"21","05","24",May 2024,"May 2024_BB","21_24_BB","Foulweather"
"484",2024-05-24,"Alaria marginata","BB",3,8.66666666666667,"21","05","24",May 2024,"May 2024_BB","21_24_BB","Foulweather"
"485",2024-05-24,"Alaria marginata","BB",4,12.1,"21","05","24",May 2024,"May 2024_BB","21_24_BB","Foulweather"
"486",2024-05-24,"Alaria marginata","BB",5,6.85714285714286,"21","05","24",May 2024,"May 2024_BB","21_24_BB","Foulweather"
"487",2024-05-24,"Egregia menziesii","BB",1,0.2,"21","05","24",May 2024,"May 2024_BB","21_24_BB","Foulweather"
"488",2024-05-24,"Egregia menziesii","BB",2,0.333333333333333,"21","05","24",May 2024,"May 2024_BB","21_24_BB","Foulweather"
"489",2024-05-24,"Egregia menziesii","BB",3,0,"21","05","24",May 2024,"May 2024_BB","21_24_BB","Foulweather"
"490",2024-05-24,"Egregia menziesii","BB",4,0,"21","05","24",May 2024,"May 2024_BB","21_24_BB","Foulweather"
"491",2024-05-24,"Egregia menziesii","BB",5,0,"21","05","24",May 2024,"May 2024_BB","21_24_BB","Foulweather"
"492",2024-05-24,"Hedophyllum sessile","BB",1,2.36363636363636,"21","05","24",May 2024,"May 2024_BB","21_24_BB","Foulweather"
"493",2024-05-24,"Hedophyllum sessile","BB",2,2.33333333333333,"21","05","24",May 2024,"May 2024_BB","21_24_BB","Foulweather"
"494",2024-05-24,"Hedophyllum sessile","BB",3,2.69230769230769,"21","05","24",May 2024,"May 2024_BB","21_24_BB","Foulweather"
"495",2024-05-24,"Hedophyllum sessile","BB",4,5.25,"21","05","24",May 2024,"May 2024_BB","21_24_BB","Foulweather"
"496",2024-05-24,"Hedophyllum sessile","BB",5,4.42857142857143,"21","05","24",May 2024,"May 2024_BB","21_24_BB","Foulweather"
"497",2024-05-24,"Hedophyllum sessile","FC",1,3,"21","05","24",May 2024,"May 2024_FC","21_24_FC","Foulweather"
"498",2024-05-24,"Hedophyllum sessile","FC",2,2.75,"21","05","24",May 2024,"May 2024_FC","21_24_FC","Foulweather"
"499",2024-05-24,"Hedophyllum sessile","FC",3,0.166666666666667,"21","05","24",May 2024,"May 2024_FC","21_24_FC","Foulweather"
"500",2024-05-24,"Hedophyllum sessile","FC",4,5.18181818181818,"21","05","24",May 2024,"May 2024_FC","21_24_FC","Foulweather"
"501",2024-05-24,"Hedophyllum sessile","FC",5,1.33333333333333,"21","05","24",May 2024,"May 2024_FC","21_24_FC","Foulweather"
"502",2024-05-24,"Lessoniopsis littoralis","FC",1,0.125,"21","05","24",May 2024,"May 2024_FC","21_24_FC","Foulweather"
"503",2024-05-24,"Lessoniopsis littoralis","FC",2,0.166666666666667,"21","05","24",May 2024,"May 2024_FC","21_24_FC","Foulweather"
"504",2024-05-24,"Lessoniopsis littoralis","FC",3,1.125,"21","05","24",May 2024,"May 2024_FC","21_24_FC","Foulweather"
"505",2024-05-24,"Lessoniopsis littoralis","FC",4,1.21428571428571,"21","05","24",May 2024,"May 2024_FC","21_24_FC","Foulweather"
"506",2024-05-24,"Lessoniopsis littoralis","FC",5,1.2,"21","05","24",May 2024,"May 2024_FC","21_24_FC","Foulweather"
"507",2024-05-25,"Egregia menziesii","YB",1,2,"21","05","24",May 2024,"May 2024_YB","21_24_YB","Perpetua"
"508",2024-05-25,"Egregia menziesii","YB",2,2.14285714285714,"21","05","24",May 2024,"May 2024_YB","21_24_YB","Perpetua"
"509",2024-05-25,"Egregia menziesii","YB",3,1.42857142857143,"21","05","24",May 2024,"May 2024_YB","21_24_YB","Perpetua"
"510",2024-05-25,"Hedophyllum sessile","YB",1,7.23076923076923,"21","05","24",May 2024,"May 2024_YB","21_24_YB","Perpetua"
"511",2024-05-25,"Hedophyllum sessile","YB",2,7.84615384615385,"21","05","24",May 2024,"May 2024_YB","21_24_YB","Perpetua"
"512",2024-05-25,"Hedophyllum sessile","YB",3,0.875,"21","05","24",May 2024,"May 2024_YB","21_24_YB","Perpetua"
"513",2024-05-25,"Hedophyllum sessile","YB",4,5.66666666666667,"21","05","24",May 2024,"May 2024_YB","21_24_YB","Perpetua"
"514",2024-05-25,"Hedophyllum sessile","YB",5,12.375,"21","05","24",May 2024,"May 2024_YB","21_24_YB","Perpetua"
"515",2024-05-25,"Laminaria sinclairii","YB",1,31.6666666666667,"21","05","24",May 2024,"May 2024_YB","21_24_YB","Perpetua"
"516",2024-05-25,"Laminaria sinclairii","YB",2,20.3333333333333,"21","05","24",May 2024,"May 2024_YB","21_24_YB","Perpetua"
"517",2024-05-25,"Laminaria sinclairii","YB",3,40.5,"21","05","24",May 2024,"May 2024_YB","21_24_YB","Perpetua"
"518",2024-05-25,"Laminaria sinclairii","YB",4,30.5,"21","05","24",May 2024,"May 2024_YB","21_24_YB","Perpetua"
"519",2024-05-25,"Laminaria sinclairii","YB",5,27,"21","05","24",May 2024,"May 2024_YB","21_24_YB","Perpetua"
"520",2024-05-25,"Postelsia palmaeformis","YB",1,11.6666666666667,"21","05","24",May 2024,"May 2024_YB","21_24_YB","Perpetua"
"521",2024-05-25,"Postelsia palmaeformis","YB",2,17.5,"21","05","24",May 2024,"May 2024_YB","21_24_YB","Perpetua"
"522",2024-05-25,"Postelsia palmaeformis","YB",3,18,"21","05","24",May 2024,"May 2024_YB","21_24_YB","Perpetua"
"523",2024-05-25,"Postelsia palmaeformis","YB",4,16,"21","05","24",May 2024,"May 2024_YB","21_24_YB","Perpetua"
"524",2024-05-25,"Postelsia palmaeformis","YB",5,13.6666666666667,"21","05","24",May 2024,"May 2024_YB","21_24_YB","Perpetua"
"525",2024-05-26,"Egregia menziesii","SH",1,0,"21","05","24",May 2024,"May 2024_SH","21_24_SH","Perpetua"
"526",2024-05-26,"Egregia menziesii","SH",2,1.125,"21","05","24",May 2024,"May 2024_SH","21_24_SH","Perpetua"
"527",2024-05-26,"Egregia menziesii","SH",3,1.25,"21","05","24",May 2024,"May 2024_SH","21_24_SH","Perpetua"
"528",2024-05-26,"Egregia menziesii","SH",4,0.166666666666667,"21","05","24",May 2024,"May 2024_SH","21_24_SH","Perpetua"
"529",2024-05-26,"Egregia menziesii","SH",5,2,"21","05","24",May 2024,"May 2024_SH","21_24_SH","Perpetua"
"530",2024-05-26,"Hedophyllum sessile","SH",1,5.25,"21","05","24",May 2024,"May 2024_SH","21_24_SH","Perpetua"
"531",2024-05-26,"Hedophyllum sessile","SH",2,3.57142857142857,"21","05","24",May 2024,"May 2024_SH","21_24_SH","Perpetua"
"532",2024-05-26,"Hedophyllum sessile","SH",3,9.53846153846154,"21","05","24",May 2024,"May 2024_SH","21_24_SH","Perpetua"
"533",2024-05-26,"Hedophyllum sessile","SH",4,20.3636363636364,"21","05","24",May 2024,"May 2024_SH","21_24_SH","Perpetua"
"534",2024-05-26,"Hedophyllum sessile","SH",5,1,"21","05","24",May 2024,"May 2024_SH","21_24_SH","Perpetua"
"535",2024-05-26,"Laminaria sinclairii","SH",1,52,"21","05","24",May 2024,"May 2024_SH","21_24_SH","Perpetua"
"536",2024-05-26,"Laminaria sinclairii","SH",2,58.5,"21","05","24",May 2024,"May 2024_SH","21_24_SH","Perpetua"
"537",2024-05-26,"Laminaria sinclairii","SH",3,64,"21","05","24",May 2024,"May 2024_SH","21_24_SH","Perpetua"
"538",2024-05-26,"Laminaria sinclairii","SH",4,75.5,"21","05","24",May 2024,"May 2024_SH","21_24_SH","Perpetua"
"539",2024-05-26,"Laminaria sinclairii","SH",5,55,"21","05","24",May 2024,"May 2024_SH","21_24_SH","Perpetua"
"540",2024-05-27,"Alaria marginata","CB",1,3.5,"21","05","24",May 2024,"May 2024_CB","21_24_CB","Blanco"
"541",2024-05-27,"Alaria marginata","CB",2,1.83333333333333,"21","05","24",May 2024,"May 2024_CB","21_24_CB","Blanco"
"542",2024-05-27,"Alaria marginata","CB",3,2.28571428571429,"21","05","24",May 2024,"May 2024_CB","21_24_CB","Blanco"
"543",2024-05-27,"Alaria marginata","CB",4,11.8571428571429,"21","05","24",May 2024,"May 2024_CB","21_24_CB","Blanco"
"544",2024-05-27,"Alaria marginata","CB",5,3.16666666666667,"21","05","24",May 2024,"May 2024_CB","21_24_CB","Blanco"
"545",2024-05-27,"Hedophyllum sessile","CB",1,0.428571428571429,"21","05","24",May 2024,"May 2024_CB","21_24_CB","Blanco"
"546",2024-05-27,"Hedophyllum sessile","CB",2,0.571428571428571,"21","05","24",May 2024,"May 2024_CB","21_24_CB","Blanco"
"547",2024-05-27,"Hedophyllum sessile","CB",3,4.22222222222222,"21","05","24",May 2024,"May 2024_CB","21_24_CB","Blanco"
"548",2024-05-27,"Hedophyllum sessile","CB",4,1.11111111111111,"21","05","24",May 2024,"May 2024_CB","21_24_CB","Blanco"
"549",2024-05-27,"Hedophyllum sessile","CB",5,3.33333333333333,"21","05","24",May 2024,"May 2024_CB","21_24_CB","Blanco"
"550",2024-05-27,"Lessoniopsis littoralis","CB",1,0.857142857142857,"21","05","24",May 2024,"May 2024_CB","21_24_CB","Blanco"
"551",2024-05-27,"Lessoniopsis littoralis","CB",2,0.428571428571429,"21","05","24",May 2024,"May 2024_CB","21_24_CB","Blanco"
"552",2024-05-27,"Lessoniopsis littoralis","CB",3,0.666666666666667,"21","05","24",May 2024,"May 2024_CB","21_24_CB","Blanco"
"553",2024-05-27,"Lessoniopsis littoralis","CB",4,0,"21","05","24",May 2024,"May 2024_CB","21_24_CB","Blanco"
"554",2024-05-27,"Lessoniopsis littoralis","CB",5,1.77777777777778,"21","05","24",May 2024,"May 2024_CB","21_24_CB","Blanco"
"555",2024-05-27,"Postelsia palmaeformis","CB",1,3.5,"21","05","24",May 2024,"May 2024_CB","21_24_CB","Blanco"
"556",2024-05-27,"Postelsia palmaeformis","CB",2,9.33333333333333,"21","05","24",May 2024,"May 2024_CB","21_24_CB","Blanco"
"557",2024-05-27,"Postelsia palmaeformis","CB",4,5.8,"21","05","24",May 2024,"May 2024_CB","21_24_CB","Blanco"
"558",2024-05-27,"Postelsia palmaeformis","CB",5,5.66666666666667,"21","05","24",May 2024,"May 2024_CB","21_24_CB","Blanco"
"559",2024-05-28,"Alaria marginata","RP",1,4,"22","05","24",May 2024,"May 2024_RP","22_24_RP","Blanco"
"560",2024-05-28,"Alaria marginata","RP",2,15.3846153846154,"22","05","24",May 2024,"May 2024_RP","22_24_RP","Blanco"
"561",2024-05-28,"Alaria marginata","RP",3,0.6,"22","05","24",May 2024,"May 2024_RP","22_24_RP","Blanco"
"562",2024-05-28,"Alaria marginata","RP",4,10,"22","05","24",May 2024,"May 2024_RP","22_24_RP","Blanco"
"563",2024-05-28,"Egregia menziesii","RP",2,0.166666666666667,"22","05","24",May 2024,"May 2024_RP","22_24_RP","Blanco"
"564",2024-05-28,"Egregia menziesii","RP",3,0,"22","05","24",May 2024,"May 2024_RP","22_24_RP","Blanco"
"565",2024-05-28,"Egregia menziesii","RP",4,0,"22","05","24",May 2024,"May 2024_RP","22_24_RP","Blanco"
"566",2024-05-28,"Egregia menziesii","RP",5,0,"22","05","24",May 2024,"May 2024_RP","22_24_RP","Blanco"
"567",2024-05-28,"Hedophyllum sessile","RP",2,14.7692307692308,"22","05","24",May 2024,"May 2024_RP","22_24_RP","Blanco"
"568",2024-05-28,"Hedophyllum sessile","RP",3,18.5454545454545,"22","05","24",May 2024,"May 2024_RP","22_24_RP","Blanco"
"569",2024-05-28,"Hedophyllum sessile","RP",4,10,"22","05","24",May 2024,"May 2024_RP","22_24_RP","Blanco"
"570",2024-05-28,"Hedophyllum sessile","RP",5,6.8,"22","05","24",May 2024,"May 2024_RP","22_24_RP","Blanco"
"571",2024-06-21,"Egregia menziesii","FC",2,0.833333333333333,"25","06","24",Jun 2024,"Jun 2024_FC","25_24_FC","Foulweather"
"572",2024-06-21,"Egregia menziesii","FC",3,4.44444444444444,"25","06","24",Jun 2024,"Jun 2024_FC","25_24_FC","Foulweather"
"573",2024-06-21,"Egregia menziesii","FC",4,0,"25","06","24",Jun 2024,"Jun 2024_FC","25_24_FC","Foulweather"
"574",2024-06-21,"Hedophyllum sessile","FC",1,8.57894736842105,"25","06","24",Jun 2024,"Jun 2024_FC","25_24_FC","Foulweather"
"575",2024-06-21,"Hedophyllum sessile","FC",2,7.46666666666667,"25","06","24",Jun 2024,"Jun 2024_FC","25_24_FC","Foulweather"
"576",2024-06-21,"Hedophyllum sessile","FC",4,8.05882352941176,"25","06","24",Jun 2024,"Jun 2024_FC","25_24_FC","Foulweather"
"577",2024-06-21,"Hedophyllum sessile","FC",5,6.27272727272727,"25","06","24",Jun 2024,"Jun 2024_FC","25_24_FC","Foulweather"
"578",2024-06-21,"Lessoniopsis littoralis","FC",1,7.57142857142857,"25","06","24",Jun 2024,"Jun 2024_FC","25_24_FC","Foulweather"
"579",2024-06-21,"Lessoniopsis littoralis","FC",2,0.888888888888889,"25","06","24",Jun 2024,"Jun 2024_FC","25_24_FC","Foulweather"
"580",2024-06-21,"Lessoniopsis littoralis","FC",3,1.63636363636364,"25","06","24",Jun 2024,"Jun 2024_FC","25_24_FC","Foulweather"
"581",2024-06-21,"Lessoniopsis littoralis","FC",5,2.75,"25","06","24",Jun 2024,"Jun 2024_FC","25_24_FC","Foulweather"
"582",2024-06-22,"Alaria marginata","BB",2,2.16666666666667,"25","06","24",Jun 2024,"Jun 2024_BB","25_24_BB","Foulweather"
"583",2024-06-22,"Alaria marginata","BB",3,12.375,"25","06","24",Jun 2024,"Jun 2024_BB","25_24_BB","Foulweather"
"584",2024-06-22,"Alaria marginata","BB",5,8.83333333333333,"25","06","24",Jun 2024,"Jun 2024_BB","25_24_BB","Foulweather"
"585",2024-06-22,"Hedophyllum sessile","BB",1,4.11111111111111,"25","06","24",Jun 2024,"Jun 2024_BB","25_24_BB","Foulweather"
"586",2024-06-22,"Hedophyllum sessile","BB",2,3.36363636363636,"25","06","24",Jun 2024,"Jun 2024_BB","25_24_BB","Foulweather"
"587",2024-06-22,"Hedophyllum sessile","BB",3,4.3125,"25","06","24",Jun 2024,"Jun 2024_BB","25_24_BB","Foulweather"
"588",2024-06-22,"Hedophyllum sessile","BB",4,9.82352941176471,"25","06","24",Jun 2024,"Jun 2024_BB","25_24_BB","Foulweather"
"589",2024-06-22,"Hedophyllum sessile","BB",5,8.21428571428571,"25","06","24",Jun 2024,"Jun 2024_BB","25_24_BB","Foulweather"
"590",2024-06-23,"Egregia menziesii","YB",1,1,"25","06","24",Jun 2024,"Jun 2024_YB","25_24_YB","Perpetua"
"591",2024-06-23,"Egregia menziesii","YB",2,0.857142857142857,"25","06","24",Jun 2024,"Jun 2024_YB","25_24_YB","Perpetua"
"592",2024-06-23,"Egregia menziesii","YB",3,0.875,"25","06","24",Jun 2024,"Jun 2024_YB","25_24_YB","Perpetua"
"593",2024-06-23,"Hedophyllum sessile","YB",1,3.42857142857143,"25","06","24",Jun 2024,"Jun 2024_YB","25_24_YB","Perpetua"
"594",2024-06-23,"Hedophyllum sessile","YB",2,11,"25","06","24",Jun 2024,"Jun 2024_YB","25_24_YB","Perpetua"
"595",2024-06-23,"Hedophyllum sessile","YB",3,5.08333333333333,"25","06","24",Jun 2024,"Jun 2024_YB","25_24_YB","Perpetua"
"596",2024-06-23,"Hedophyllum sessile","YB",4,18.2857142857143,"25","06","24",Jun 2024,"Jun 2024_YB","25_24_YB","Perpetua"
"597",2024-06-23,"Hedophyllum sessile","YB",5,16.9285714285714,"25","06","24",Jun 2024,"Jun 2024_YB","25_24_YB","Perpetua"
"598",2024-06-24,"Alaria marginata","TK",1,3.71428571428571,"25","06","24",Jun 2024,"Jun 2024_TK","25_24_TK","Perpetua"
"599",2024-06-24,"Alaria marginata","TK",2,6,"25","06","24",Jun 2024,"Jun 2024_TK","25_24_TK","Perpetua"
"600",2024-06-24,"Alaria marginata","TK",3,8.5,"25","06","24",Jun 2024,"Jun 2024_TK","25_24_TK","Perpetua"
"601",2024-06-24,"Alaria marginata","TK",4,5.28571428571429,"25","06","24",Jun 2024,"Jun 2024_TK","25_24_TK","Perpetua"
"602",2024-06-24,"Alaria marginata","TK",5,0.714285714285714,"25","06","24",Jun 2024,"Jun 2024_TK","25_24_TK","Perpetua"
"603",2024-06-25,"Hedophyllum sessile","CB",1,1.125,"26","06","24",Jun 2024,"Jun 2024_CB","26_24_CB","Blanco"
"604",2024-06-25,"Hedophyllum sessile","CB",3,5.08333333333333,"26","06","24",Jun 2024,"Jun 2024_CB","26_24_CB","Blanco"
"605",2024-06-25,"Hedophyllum sessile","CB",4,4.22222222222222,"26","06","24",Jun 2024,"Jun 2024_CB","26_24_CB","Blanco"
"606",2024-06-25,"Hedophyllum sessile","CB",5,5.41666666666667,"26","06","24",Jun 2024,"Jun 2024_CB","26_24_CB","Blanco"
"607",2024-06-26,"Hedophyllum sessile","CB",2,4.875,"26","06","24",Jun 2024,"Jun 2024_CB","26_24_CB","Blanco"
"608",2024-06-26,"Lessoniopsis littoralis","CB",3,1.54545454545455,"26","06","24",Jun 2024,"Jun 2024_CB","26_24_CB","Blanco"
"609",2024-06-26,"Lessoniopsis littoralis","CB",4,1.5,"26","06","24",Jun 2024,"Jun 2024_CB","26_24_CB","Blanco"
"610",2024-06-26,"Lessoniopsis littoralis","CB",5,1.14285714285714,"26","06","24",Jun 2024,"Jun 2024_CB","26_24_CB","Blanco"
"611",2024-07-03,"Egregia menziesii","FC",1,0.4,"27","07","24",Jul 2024,"Jul 2024_FC","27_24_FC","Foulweather"
"612",2024-07-03,"Egregia menziesii","FC",2,1.42857142857143,"27","07","24",Jul 2024,"Jul 2024_FC","27_24_FC","Foulweather"
"613",2024-07-03,"Egregia menziesii","FC",3,1.6,"27","07","24",Jul 2024,"Jul 2024_FC","27_24_FC","Foulweather"
"614",2024-07-03,"Egregia menziesii","FC",4,0.6,"27","07","24",Jul 2024,"Jul 2024_FC","27_24_FC","Foulweather"
"615",2024-07-03,"Egregia menziesii","FC",5,0.6,"27","07","24",Jul 2024,"Jul 2024_FC","27_24_FC","Foulweather"
"616",2024-07-03,"Hedophyllum sessile","FC",1,12,"27","07","24",Jul 2024,"Jul 2024_FC","27_24_FC","Foulweather"
"617",2024-07-03,"Hedophyllum sessile","FC",2,11.4,"27","07","24",Jul 2024,"Jul 2024_FC","27_24_FC","Foulweather"
"618",2024-07-03,"Hedophyllum sessile","FC",3,7.77777777777778,"27","07","24",Jul 2024,"Jul 2024_FC","27_24_FC","Foulweather"
"619",2024-07-03,"Hedophyllum sessile","FC",4,9.375,"27","07","24",Jul 2024,"Jul 2024_FC","27_24_FC","Foulweather"
"620",2024-07-03,"Hedophyllum sessile","FC",5,4.28571428571429,"27","07","24",Jul 2024,"Jul 2024_FC","27_24_FC","Foulweather"
"621",2024-07-03,"Lessoniopsis littoralis","FC",1,2.25,"27","07","24",Jul 2024,"Jul 2024_FC","27_24_FC","Foulweather"
"622",2024-07-03,"Lessoniopsis littoralis","FC",2,0.2,"27","07","24",Jul 2024,"Jul 2024_FC","27_24_FC","Foulweather"
"623",2024-07-03,"Lessoniopsis littoralis","FC",3,2.8,"27","07","24",Jul 2024,"Jul 2024_FC","27_24_FC","Foulweather"
"624",2024-07-03,"Lessoniopsis littoralis","FC",4,1.57142857142857,"27","07","24",Jul 2024,"Jul 2024_FC","27_24_FC","Foulweather"
"625",2024-07-03,"Lessoniopsis littoralis","FC",5,2.14285714285714,"27","07","24",Jul 2024,"Jul 2024_FC","27_24_FC","Foulweather"
"626",2024-07-03,"Postelsia palmaeformis","FC",1,4,"27","07","24",Jul 2024,"Jul 2024_FC","27_24_FC","Foulweather"
"627",2024-07-03,"Postelsia palmaeformis","FC",2,9,"27","07","24",Jul 2024,"Jul 2024_FC","27_24_FC","Foulweather"
"628",2024-07-03,"Postelsia palmaeformis","FC",3,7.66666666666667,"27","07","24",Jul 2024,"Jul 2024_FC","27_24_FC","Foulweather"
"629",2024-07-03,"Postelsia palmaeformis","FC",4,3,"27","07","24",Jul 2024,"Jul 2024_FC","27_24_FC","Foulweather"
"630",2024-07-03,"Postelsia palmaeformis","FC",5,9.5,"27","07","24",Jul 2024,"Jul 2024_FC","27_24_FC","Foulweather"
"631",2024-07-04,"Alaria marginata","BB",2,3,"27","07","24",Jul 2024,"Jul 2024_BB","27_24_BB","Foulweather"
"632",2024-07-04,"Alaria marginata","BB",3,10.5,"27","07","24",Jul 2024,"Jul 2024_BB","27_24_BB","Foulweather"
"633",2024-07-04,"Alaria marginata","BB",4,5.5,"27","07","24",Jul 2024,"Jul 2024_BB","27_24_BB","Foulweather"
"634",2024-07-04,"Alaria marginata","BB",5,4.8,"27","07","24",Jul 2024,"Jul 2024_BB","27_24_BB","Foulweather"
"635",2024-07-04,"Egregia menziesii","BB",1,0.4,"27","07","24",Jul 2024,"Jul 2024_BB","27_24_BB","Foulweather"
"636",2024-07-04,"Egregia menziesii","BB",2,0.4,"27","07","24",Jul 2024,"Jul 2024_BB","27_24_BB","Foulweather"
"637",2024-07-04,"Egregia menziesii","BB",3,0,"27","07","24",Jul 2024,"Jul 2024_BB","27_24_BB","Foulweather"
"638",2024-07-04,"Egregia menziesii","BB",5,0,"27","07","24",Jul 2024,"Jul 2024_BB","27_24_BB","Foulweather"
"639",2024-07-04,"Hedophyllum sessile","BB",1,12.6666666666667,"27","07","24",Jul 2024,"Jul 2024_BB","27_24_BB","Foulweather"
"640",2024-07-04,"Hedophyllum sessile","BB",2,10,"27","07","24",Jul 2024,"Jul 2024_BB","27_24_BB","Foulweather"
"641",2024-07-04,"Hedophyllum sessile","BB",3,7.4,"27","07","24",Jul 2024,"Jul 2024_BB","27_24_BB","Foulweather"
"642",2024-07-04,"Hedophyllum sessile","BB",4,13.5454545454545,"27","07","24",Jul 2024,"Jul 2024_BB","27_24_BB","Foulweather"
"643",2024-07-04,"Hedophyllum sessile","BB",5,12.8,"27","07","24",Jul 2024,"Jul 2024_BB","27_24_BB","Foulweather"
"644",2024-07-04,"Lessoniopsis littoralis","BB",1,3.66666666666667,"27","07","24",Jul 2024,"Jul 2024_BB","27_24_BB","Foulweather"
"645",2024-07-04,"Lessoniopsis littoralis","BB",2,2.75,"27","07","24",Jul 2024,"Jul 2024_BB","27_24_BB","Foulweather"
"646",2024-07-04,"Lessoniopsis littoralis","BB",3,2.16666666666667,"27","07","24",Jul 2024,"Jul 2024_BB","27_24_BB","Foulweather"
"647",2024-07-04,"Lessoniopsis littoralis","BB",4,0,"27","07","24",Jul 2024,"Jul 2024_BB","27_24_BB","Foulweather"
"648",2024-07-04,"Lessoniopsis littoralis","BB",5,1.5,"27","07","24",Jul 2024,"Jul 2024_BB","27_24_BB","Foulweather"
"649",2024-07-05,"Egregia menziesii","YB",1,2.5,"27","07","24",Jul 2024,"Jul 2024_YB","27_24_YB","Perpetua"
"650",2024-07-05,"Egregia menziesii","YB",2,1.16666666666667,"27","07","24",Jul 2024,"Jul 2024_YB","27_24_YB","Perpetua"
"651",2024-07-05,"Egregia menziesii","YB",3,1.2,"27","07","24",Jul 2024,"Jul 2024_YB","27_24_YB","Perpetua"
"652",2024-07-05,"Hedophyllum sessile","YB",1,23.2222222222222,"27","07","24",Jul 2024,"Jul 2024_YB","27_24_YB","Perpetua"
"653",2024-07-05,"Hedophyllum sessile","YB",2,26,"27","07","24",Jul 2024,"Jul 2024_YB","27_24_YB","Perpetua"
"654",2024-07-05,"Hedophyllum sessile","YB",3,10.7142857142857,"27","07","24",Jul 2024,"Jul 2024_YB","27_24_YB","Perpetua"
"655",2024-07-05,"Hedophyllum sessile","YB",4,39.625,"27","07","24",Jul 2024,"Jul 2024_YB","27_24_YB","Perpetua"
"656",2024-07-05,"Hedophyllum sessile","YB",5,23.1818181818182,"27","07","24",Jul 2024,"Jul 2024_YB","27_24_YB","Perpetua"
"657",2024-07-05,"Laminaria sinclairii","YB",1,74,"27","07","24",Jul 2024,"Jul 2024_YB","27_24_YB","Perpetua"
"658",2024-07-05,"Laminaria sinclairii","YB",2,82,"27","07","24",Jul 2024,"Jul 2024_YB","27_24_YB","Perpetua"
"659",2024-07-05,"Laminaria sinclairii","YB",3,67,"27","07","24",Jul 2024,"Jul 2024_YB","27_24_YB","Perpetua"
"660",2024-07-05,"Laminaria sinclairii","YB",4,60,"27","07","24",Jul 2024,"Jul 2024_YB","27_24_YB","Perpetua"
"661",2024-07-05,"Laminaria sinclairii","YB",5,52,"27","07","24",Jul 2024,"Jul 2024_YB","27_24_YB","Perpetua"
"662",2024-07-05,"Postelsia palmaeformis","YB",1,8.5,"27","07","24",Jul 2024,"Jul 2024_YB","27_24_YB","Perpetua"
"663",2024-07-05,"Postelsia palmaeformis","YB",2,23.5,"27","07","24",Jul 2024,"Jul 2024_YB","27_24_YB","Perpetua"
"664",2024-07-05,"Postelsia palmaeformis","YB",3,12,"27","07","24",Jul 2024,"Jul 2024_YB","27_24_YB","Perpetua"
"665",2024-07-05,"Postelsia palmaeformis","YB",4,10.5,"27","07","24",Jul 2024,"Jul 2024_YB","27_24_YB","Perpetua"
"666",2024-07-05,"Postelsia palmaeformis","YB",5,7,"27","07","24",Jul 2024,"Jul 2024_YB","27_24_YB","Perpetua"
"667",2024-07-06,"Egregia menziesii","SH",1,0.5,"27","07","24",Jul 2024,"Jul 2024_SH","27_24_SH","Perpetua"
"668",2024-07-06,"Egregia menziesii","SH",2,0.2,"27","07","24",Jul 2024,"Jul 2024_SH","27_24_SH","Perpetua"
"669",2024-07-06,"Egregia menziesii","SH",3,0.8,"27","07","24",Jul 2024,"Jul 2024_SH","27_24_SH","Perpetua"
"670",2024-07-06,"Egregia menziesii","SH",4,0.2,"27","07","24",Jul 2024,"Jul 2024_SH","27_24_SH","Perpetua"
"671",2024-07-06,"Egregia menziesii","SH",5,1.8,"27","07","24",Jul 2024,"Jul 2024_SH","27_24_SH","Perpetua"
"672",2024-07-06,"Hedophyllum sessile","SH",1,12.8,"27","07","24",Jul 2024,"Jul 2024_SH","27_24_SH","Perpetua"
"673",2024-07-06,"Hedophyllum sessile","SH",2,10.375,"27","07","24",Jul 2024,"Jul 2024_SH","27_24_SH","Perpetua"
"674",2024-07-06,"Hedophyllum sessile","SH",3,33.875,"27","07","24",Jul 2024,"Jul 2024_SH","27_24_SH","Perpetua"
"675",2024-07-06,"Hedophyllum sessile","SH",4,63.1666666666667,"27","07","24",Jul 2024,"Jul 2024_SH","27_24_SH","Perpetua"
"676",2024-07-06,"Hedophyllum sessile","SH",5,6,"27","07","24",Jul 2024,"Jul 2024_SH","27_24_SH","Perpetua"
"677",2024-07-06,"Laminaria sinclairii","SH",1,161,"27","07","24",Jul 2024,"Jul 2024_SH","27_24_SH","Perpetua"
"678",2024-07-06,"Laminaria sinclairii","SH",2,95,"27","07","24",Jul 2024,"Jul 2024_SH","27_24_SH","Perpetua"
"679",2024-07-06,"Laminaria sinclairii","SH",3,137,"27","07","24",Jul 2024,"Jul 2024_SH","27_24_SH","Perpetua"
"680",2024-07-06,"Laminaria sinclairii","SH",4,145,"27","07","24",Jul 2024,"Jul 2024_SH","27_24_SH","Perpetua"
"681",2024-07-06,"Laminaria sinclairii","SH",5,156,"27","07","24",Jul 2024,"Jul 2024_SH","27_24_SH","Perpetua"
"682",2024-07-07,"Alaria marginata","CB",1,3,"27","07","24",Jul 2024,"Jul 2024_CB","27_24_CB","Blanco"
"683",2024-07-07,"Alaria marginata","CB",2,0.8,"27","07","24",Jul 2024,"Jul 2024_CB","27_24_CB","Blanco"
"684",2024-07-07,"Alaria marginata","CB",3,1.83333333333333,"27","07","24",Jul 2024,"Jul 2024_CB","27_24_CB","Blanco"
"685",2024-07-07,"Alaria marginata","CB",4,4,"27","07","24",Jul 2024,"Jul 2024_CB","27_24_CB","Blanco"
"686",2024-07-07,"Alaria marginata","CB",5,1.8,"27","07","24",Jul 2024,"Jul 2024_CB","27_24_CB","Blanco"
"687",2024-07-07,"Hedophyllum sessile","CB",1,3,"27","07","24",Jul 2024,"Jul 2024_CB","27_24_CB","Blanco"
"688",2024-07-07,"Hedophyllum sessile","CB",2,5.85714285714286,"27","07","24",Jul 2024,"Jul 2024_CB","27_24_CB","Blanco"
"689",2024-07-07,"Hedophyllum sessile","CB",3,15.0909090909091,"27","07","24",Jul 2024,"Jul 2024_CB","27_24_CB","Blanco"
"690",2024-07-07,"Hedophyllum sessile","CB",4,4,"27","07","24",Jul 2024,"Jul 2024_CB","27_24_CB","Blanco"
"691",2024-07-07,"Hedophyllum sessile","CB",5,16.3333333333333,"27","07","24",Jul 2024,"Jul 2024_CB","27_24_CB","Blanco"
"692",2024-07-07,"Lessoniopsis littoralis","CB",1,0.2,"27","07","24",Jul 2024,"Jul 2024_CB","27_24_CB","Blanco"
"693",2024-07-07,"Lessoniopsis littoralis","CB",2,0.6,"27","07","24",Jul 2024,"Jul 2024_CB","27_24_CB","Blanco"
"694",2024-07-07,"Lessoniopsis littoralis","CB",3,1,"27","07","24",Jul 2024,"Jul 2024_CB","27_24_CB","Blanco"
"695",2024-07-07,"Lessoniopsis littoralis","CB",4,0.2,"27","07","24",Jul 2024,"Jul 2024_CB","27_24_CB","Blanco"
"696",2024-07-07,"Lessoniopsis littoralis","CB",5,1.66666666666667,"27","07","24",Jul 2024,"Jul 2024_CB","27_24_CB","Blanco"
"697",2024-07-07,"Postelsia palmaeformis","CB",1,6.5,"27","07","24",Jul 2024,"Jul 2024_CB","27_24_CB","Blanco"
"698",2024-07-07,"Postelsia palmaeformis","CB",2,25,"27","07","24",Jul 2024,"Jul 2024_CB","27_24_CB","Blanco"
"699",2024-07-07,"Postelsia palmaeformis","CB",3,9,"27","07","24",Jul 2024,"Jul 2024_CB","27_24_CB","Blanco"
"700",2024-07-07,"Postelsia palmaeformis","CB",4,15,"27","07","24",Jul 2024,"Jul 2024_CB","27_24_CB","Blanco"
"701",2024-07-07,"Postelsia palmaeformis","CB",5,7,"27","07","24",Jul 2024,"Jul 2024_CB","27_24_CB","Blanco"
"702",2024-07-20,"Egregia menziesii","FC",1,0.166666666666667,"29","07","24",Jul 2024,"Jul 2024_FC","29_24_FC","Foulweather"
"703",2024-07-20,"Egregia menziesii","FC",2,0.166666666666667,"29","07","24",Jul 2024,"Jul 2024_FC","29_24_FC","Foulweather"
"704",2024-07-20,"Egregia menziesii","FC",3,1,"29","07","24",Jul 2024,"Jul 2024_FC","29_24_FC","Foulweather"
"705",2024-07-20,"Egregia menziesii","FC",4,0.166666666666667,"29","07","24",Jul 2024,"Jul 2024_FC","29_24_FC","Foulweather"
"706",2024-07-20,"Egregia menziesii","FC",5,0,"29","07","24",Jul 2024,"Jul 2024_FC","29_24_FC","Foulweather"
"707",2024-07-20,"Hedophyllum sessile","FC",1,10.0714285714286,"29","07","24",Jul 2024,"Jul 2024_FC","29_24_FC","Foulweather"
"708",2024-07-20,"Hedophyllum sessile","FC",2,8.57142857142857,"29","07","24",Jul 2024,"Jul 2024_FC","29_24_FC","Foulweather"
"709",2024-07-20,"Hedophyllum sessile","FC",3,6.18181818181818,"29","07","24",Jul 2024,"Jul 2024_FC","29_24_FC","Foulweather"
"710",2024-07-20,"Hedophyllum sessile","FC",4,12,"29","07","24",Jul 2024,"Jul 2024_FC","29_24_FC","Foulweather"
"711",2024-07-20,"Hedophyllum sessile","FC",5,7.33333333333333,"29","07","24",Jul 2024,"Jul 2024_FC","29_24_FC","Foulweather"
"712",2024-07-20,"Lessoniopsis littoralis","FC",1,0.375,"29","07","24",Jul 2024,"Jul 2024_FC","29_24_FC","Foulweather"
"713",2024-07-20,"Lessoniopsis littoralis","FC",2,0.2,"29","07","24",Jul 2024,"Jul 2024_FC","29_24_FC","Foulweather"
"714",2024-07-20,"Lessoniopsis littoralis","FC",3,1.25,"29","07","24",Jul 2024,"Jul 2024_FC","29_24_FC","Foulweather"
"715",2024-07-20,"Lessoniopsis littoralis","FC",4,1.3,"29","07","24",Jul 2024,"Jul 2024_FC","29_24_FC","Foulweather"
"716",2024-07-20,"Lessoniopsis littoralis","FC",5,1,"29","07","24",Jul 2024,"Jul 2024_FC","29_24_FC","Foulweather"
"717",2024-07-20,"Postelsia palmaeformis","FC",1,1.33333333333333,"29","07","24",Jul 2024,"Jul 2024_FC","29_24_FC","Foulweather"
"718",2024-07-20,"Postelsia palmaeformis","FC",2,1,"29","07","24",Jul 2024,"Jul 2024_FC","29_24_FC","Foulweather"
"719",2024-07-20,"Postelsia palmaeformis","FC",3,7.66666666666667,"29","07","24",Jul 2024,"Jul 2024_FC","29_24_FC","Foulweather"
"720",2024-07-20,"Postelsia palmaeformis","FC",4,3.66666666666667,"29","07","24",Jul 2024,"Jul 2024_FC","29_24_FC","Foulweather"
"721",2024-07-20,"Postelsia palmaeformis","FC",5,4.33333333333333,"29","07","24",Jul 2024,"Jul 2024_FC","29_24_FC","Foulweather"
"722",2024-07-21,"Egregia menziesii","YB",1,1,"29","07","24",Jul 2024,"Jul 2024_YB","29_24_YB","Perpetua"
"723",2024-07-21,"Egregia menziesii","YB",2,1.85714285714286,"29","07","24",Jul 2024,"Jul 2024_YB","29_24_YB","Perpetua"
"724",2024-07-21,"Egregia menziesii","YB",3,1.6,"29","07","24",Jul 2024,"Jul 2024_YB","29_24_YB","Perpetua"
"725",2024-07-21,"Hedophyllum sessile","YB",1,9.875,"29","07","24",Jul 2024,"Jul 2024_YB","29_24_YB","Perpetua"
"726",2024-07-21,"Hedophyllum sessile","YB",2,13.5833333333333,"29","07","24",Jul 2024,"Jul 2024_YB","29_24_YB","Perpetua"
"727",2024-07-21,"Hedophyllum sessile","YB",3,10.8181818181818,"29","07","24",Jul 2024,"Jul 2024_YB","29_24_YB","Perpetua"
"728",2024-07-21,"Hedophyllum sessile","YB",4,18.8125,"29","07","24",Jul 2024,"Jul 2024_YB","29_24_YB","Perpetua"
"729",2024-07-21,"Hedophyllum sessile","YB",5,15.5294117647059,"29","07","24",Jul 2024,"Jul 2024_YB","29_24_YB","Perpetua"
"730",2024-07-21,"Laminaria sinclairii","YB",1,25.5,"29","07","24",Jul 2024,"Jul 2024_YB","29_24_YB","Perpetua"
"731",2024-07-21,"Laminaria sinclairii","YB",2,29,"29","07","24",Jul 2024,"Jul 2024_YB","29_24_YB","Perpetua"
"732",2024-07-21,"Laminaria sinclairii","YB",3,29,"29","07","24",Jul 2024,"Jul 2024_YB","29_24_YB","Perpetua"
"733",2024-07-21,"Laminaria sinclairii","YB",4,12.75,"29","07","24",Jul 2024,"Jul 2024_YB","29_24_YB","Perpetua"
"734",2024-07-21,"Laminaria sinclairii","YB",5,20.6666666666667,"29","07","24",Jul 2024,"Jul 2024_YB","29_24_YB","Perpetua"
"735",2024-07-21,"Postelsia palmaeformis","YB",1,6.5,"29","07","24",Jul 2024,"Jul 2024_YB","29_24_YB","Perpetua"
"736",2024-07-21,"Postelsia palmaeformis","YB",2,3.5,"29","07","24",Jul 2024,"Jul 2024_YB","29_24_YB","Perpetua"
"737",2024-07-21,"Postelsia palmaeformis","YB",3,8,"29","07","24",Jul 2024,"Jul 2024_YB","29_24_YB","Perpetua"
"738",2024-07-21,"Postelsia palmaeformis","YB",4,6.66666666666667,"29","07","24",Jul 2024,"Jul 2024_YB","29_24_YB","Perpetua"
"739",2024-07-21,"Postelsia palmaeformis","YB",5,9.33333333333333,"29","07","24",Jul 2024,"Jul 2024_YB","29_24_YB","Perpetua"
"740",2024-07-22,"Egregia menziesii","BB",1,0.5,"29","07","24",Jul 2024,"Jul 2024_BB","29_24_BB","Foulweather"
"741",2024-07-22,"Egregia menziesii","BB",2,0.4,"29","07","24",Jul 2024,"Jul 2024_BB","29_24_BB","Foulweather"
"742",2024-07-22,"Egregia menziesii","BB",3,0,"29","07","24",Jul 2024,"Jul 2024_BB","29_24_BB","Foulweather"
"743",2024-07-22,"Egregia menziesii","BB",4,0.166666666666667,"29","07","24",Jul 2024,"Jul 2024_BB","29_24_BB","Foulweather"
"744",2024-07-22,"Egregia menziesii","BB",5,0.333333333333333,"29","07","24",Jul 2024,"Jul 2024_BB","29_24_BB","Foulweather"
"745",2024-07-22,"Lessoniopsis littoralis","BB",1,1.72727272727273,"29","07","24",Jul 2024,"Jul 2024_BB","29_24_BB","Foulweather"
"746",2024-07-22,"Lessoniopsis littoralis","BB",2,0.375,"29","07","24",Jul 2024,"Jul 2024_BB","29_24_BB","Foulweather"
"747",2024-07-22,"Lessoniopsis littoralis","BB",3,1.8,"29","07","24",Jul 2024,"Jul 2024_BB","29_24_BB","Foulweather"
"748",2024-07-22,"Lessoniopsis littoralis","BB",4,0.5,"29","07","24",Jul 2024,"Jul 2024_BB","29_24_BB","Foulweather"
"749",2024-07-22,"Lessoniopsis littoralis","BB",5,1.44444444444444,"29","07","24",Jul 2024,"Jul 2024_BB","29_24_BB","Foulweather"
"750",2024-07-23,"Alaria marginata","TK",1,1.54545454545455,"30","07","24",Jul 2024,"Jul 2024_TK","30_24_TK","Perpetua"
"751",2024-07-23,"Alaria marginata","TK",2,3.29411764705882,"30","07","24",Jul 2024,"Jul 2024_TK","30_24_TK","Perpetua"
"752",2024-07-23,"Alaria marginata","TK",3,6.4,"30","07","24",Jul 2024,"Jul 2024_TK","30_24_TK","Perpetua"
"753",2024-07-23,"Alaria marginata","TK",4,3.4,"30","07","24",Jul 2024,"Jul 2024_TK","30_24_TK","Perpetua"
"754",2024-07-23,"Alaria marginata","TK",5,0.888888888888889,"30","07","24",Jul 2024,"Jul 2024_TK","30_24_TK","Perpetua"
"755",2024-07-23,"Egregia menziesii","SH",1,0.333333333333333,"30","07","24",Jul 2024,"Jul 2024_SH","30_24_SH","Perpetua"
"756",2024-07-23,"Egregia menziesii","SH",2,0.428571428571429,"30","07","24",Jul 2024,"Jul 2024_SH","30_24_SH","Perpetua"
"757",2024-07-23,"Egregia menziesii","SH",3,0.571428571428571,"30","07","24",Jul 2024,"Jul 2024_SH","30_24_SH","Perpetua"
"758",2024-07-23,"Egregia menziesii","SH",4,0,"30","07","24",Jul 2024,"Jul 2024_SH","30_24_SH","Perpetua"
"759",2024-07-23,"Egregia menziesii","SH",5,1.14285714285714,"30","07","24",Jul 2024,"Jul 2024_SH","30_24_SH","Perpetua"
"760",2024-07-23,"Hedophyllum sessile","SH",1,12.3571428571429,"30","07","24",Jul 2024,"Jul 2024_SH","30_24_SH","Perpetua"
"761",2024-07-23,"Hedophyllum sessile","SH",2,12.4615384615385,"30","07","24",Jul 2024,"Jul 2024_SH","30_24_SH","Perpetua"
"762",2024-07-23,"Hedophyllum sessile","SH",3,18.5833333333333,"30","07","24",Jul 2024,"Jul 2024_SH","30_24_SH","Perpetua"
"763",2024-07-23,"Hedophyllum sessile","SH",4,50.1818181818182,"30","07","24",Jul 2024,"Jul 2024_SH","30_24_SH","Perpetua"
"764",2024-07-23,"Hedophyllum sessile","SH",5,9.6,"30","07","24",Jul 2024,"Jul 2024_SH","30_24_SH","Perpetua"
"765",2024-07-23,"Laminaria sinclairii","SH",1,48,"30","07","24",Jul 2024,"Jul 2024_SH","30_24_SH","Perpetua"
"766",2024-07-23,"Laminaria sinclairii","SH",2,65.5,"30","07","24",Jul 2024,"Jul 2024_SH","30_24_SH","Perpetua"
"767",2024-07-23,"Laminaria sinclairii","SH",3,81.5,"30","07","24",Jul 2024,"Jul 2024_SH","30_24_SH","Perpetua"
"768",2024-07-23,"Laminaria sinclairii","SH",4,49,"30","07","24",Jul 2024,"Jul 2024_SH","30_24_SH","Perpetua"
"769",2024-07-23,"Laminaria sinclairii","SH",5,70,"30","07","24",Jul 2024,"Jul 2024_SH","30_24_SH","Perpetua"
"770",2024-07-24,"Alaria marginata","CB",1,1,"30","07","24",Jul 2024,"Jul 2024_CB","30_24_CB","Blanco"
"771",2024-07-24,"Alaria marginata","CB",2,0.5,"30","07","24",Jul 2024,"Jul 2024_CB","30_24_CB","Blanco"
"772",2024-07-24,"Alaria marginata","CB",3,0.333333333333333,"30","07","24",Jul 2024,"Jul 2024_CB","30_24_CB","Blanco"
"773",2024-07-24,"Alaria marginata","CB",4,2.44444444444444,"30","07","24",Jul 2024,"Jul 2024_CB","30_24_CB","Blanco"
"774",2024-07-24,"Alaria marginata","CB",5,0,"30","07","24",Jul 2024,"Jul 2024_CB","30_24_CB","Blanco"
"775",2024-07-24,"Lessoniopsis littoralis","CB",1,0,"30","07","24",Jul 2024,"Jul 2024_CB","30_24_CB","Blanco"
"776",2024-07-24,"Lessoniopsis littoralis","CB",2,0.333333333333333,"30","07","24",Jul 2024,"Jul 2024_CB","30_24_CB","Blanco"
"777",2024-07-24,"Lessoniopsis littoralis","CB",3,0,"30","07","24",Jul 2024,"Jul 2024_CB","30_24_CB","Blanco"
"778",2024-07-24,"Lessoniopsis littoralis","CB",4,0,"30","07","24",Jul 2024,"Jul 2024_CB","30_24_CB","Blanco"
"779",2024-07-24,"Lessoniopsis littoralis","CB",5,0.166666666666667,"30","07","24",Jul 2024,"Jul 2024_CB","30_24_CB","Blanco"
"780",2024-07-24,"Postelsia palmaeformis","CB",1,1.5,"30","07","24",Jul 2024,"Jul 2024_CB","30_24_CB","Blanco"
"781",2024-07-24,"Postelsia palmaeformis","CB",2,5.66666666666667,"30","07","24",Jul 2024,"Jul 2024_CB","30_24_CB","Blanco"
"782",2024-07-24,"Postelsia palmaeformis","CB",3,4.33333333333333,"30","07","24",Jul 2024,"Jul 2024_CB","30_24_CB","Blanco"
"783",2024-07-24,"Postelsia palmaeformis","CB",4,4.5,"30","07","24",Jul 2024,"Jul 2024_CB","30_24_CB","Blanco"
"784",2024-07-24,"Postelsia palmaeformis","CB",5,0.666666666666667,"30","07","24",Jul 2024,"Jul 2024_CB","30_24_CB","Blanco"
"785",2024-07-25,"Alaria marginata","RP",1,2.9,"30","07","24",Jul 2024,"Jul 2024_RP","30_24_RP","Blanco"
"786",2024-07-25,"Alaria marginata","RP",2,7.45454545454545,"30","07","24",Jul 2024,"Jul 2024_RP","30_24_RP","Blanco"
"787",2024-07-25,"Alaria marginata","RP",3,2.375,"30","07","24",Jul 2024,"Jul 2024_RP","30_24_RP","Blanco"
"788",2024-07-25,"Alaria marginata","RP",4,1.2,"30","07","24",Jul 2024,"Jul 2024_RP","30_24_RP","Blanco"
"789",2024-07-25,"Egregia menziesii","RP",1,0,"30","07","24",Jul 2024,"Jul 2024_RP","30_24_RP","Blanco"
"790",2024-07-25,"Egregia menziesii","RP",2,0,"30","07","24",Jul 2024,"Jul 2024_RP","30_24_RP","Blanco"
"791",2024-07-25,"Egregia menziesii","RP",3,0,"30","07","24",Jul 2024,"Jul 2024_RP","30_24_RP","Blanco"
"792",2024-07-25,"Egregia menziesii","RP",4,0,"30","07","24",Jul 2024,"Jul 2024_RP","30_24_RP","Blanco"
"793",2024-07-25,"Egregia menziesii","RP",5,0,"30","07","24",Jul 2024,"Jul 2024_RP","30_24_RP","Blanco"
"794",2024-07-25,"Hedophyllum sessile","RP",1,15.0909090909091,"30","07","24",Jul 2024,"Jul 2024_RP","30_24_RP","Blanco"
"795",2024-07-25,"Hedophyllum sessile","RP",2,15.3076923076923,"30","07","24",Jul 2024,"Jul 2024_RP","30_24_RP","Blanco"
"796",2024-07-25,"Hedophyllum sessile","RP",3,22.3076923076923,"30","07","24",Jul 2024,"Jul 2024_RP","30_24_RP","Blanco"
"797",2024-07-25,"Hedophyllum sessile","RP",4,13.625,"30","07","24",Jul 2024,"Jul 2024_RP","30_24_RP","Blanco"
"798",2024-07-25,"Hedophyllum sessile","RP",5,12.5454545454545,"30","07","24",Jul 2024,"Jul 2024_RP","30_24_RP","Blanco"
"799",2024-08-02,"Egregia menziesii","FC",1,0.833333333333333,"31","08","24",Aug 2024,"Aug 2024_FC","31_24_FC","Foulweather"
"800",2024-08-02,"Egregia menziesii","FC",2,0,"31","08","24",Aug 2024,"Aug 2024_FC","31_24_FC","Foulweather"
"801",2024-08-02,"Egregia menziesii","FC",3,0.2,"31","08","24",Aug 2024,"Aug 2024_FC","31_24_FC","Foulweather"
"802",2024-08-02,"Egregia menziesii","FC",4,1,"31","08","24",Aug 2024,"Aug 2024_FC","31_24_FC","Foulweather"
"803",2024-08-02,"Egregia menziesii","FC",5,0,"31","08","24",Aug 2024,"Aug 2024_FC","31_24_FC","Foulweather"
"804",2024-08-02,"Hedophyllum sessile","FC",1,16,"31","08","24",Aug 2024,"Aug 2024_FC","31_24_FC","Foulweather"
"805",2024-08-02,"Hedophyllum sessile","FC",2,15.25,"31","08","24",Aug 2024,"Aug 2024_FC","31_24_FC","Foulweather"
"806",2024-08-02,"Hedophyllum sessile","FC",3,8.77777777777778,"31","08","24",Aug 2024,"Aug 2024_FC","31_24_FC","Foulweather"
"807",2024-08-02,"Hedophyllum sessile","FC",4,18.3333333333333,"31","08","24",Aug 2024,"Aug 2024_FC","31_24_FC","Foulweather"
"808",2024-08-02,"Hedophyllum sessile","FC",5,8.8,"31","08","24",Aug 2024,"Aug 2024_FC","31_24_FC","Foulweather"
"809",2024-08-02,"Lessoniopsis littoralis","FC",1,0,"31","08","24",Aug 2024,"Aug 2024_FC","31_24_FC","Foulweather"
"810",2024-08-02,"Lessoniopsis littoralis","FC",2,4.2,"31","08","24",Aug 2024,"Aug 2024_FC","31_24_FC","Foulweather"
"811",2024-08-02,"Lessoniopsis littoralis","FC",3,4.14285714285714,"31","08","24",Aug 2024,"Aug 2024_FC","31_24_FC","Foulweather"
"812",2024-08-02,"Lessoniopsis littoralis","FC",4,3.14285714285714,"31","08","24",Aug 2024,"Aug 2024_FC","31_24_FC","Foulweather"
"813",2024-08-02,"Postelsia palmaeformis","FC",1,5,"31","08","24",Aug 2024,"Aug 2024_FC","31_24_FC","Foulweather"
"814",2024-08-02,"Postelsia palmaeformis","FC",2,3.5,"31","08","24",Aug 2024,"Aug 2024_FC","31_24_FC","Foulweather"
"815",2024-08-02,"Postelsia palmaeformis","FC",3,9,"31","08","24",Aug 2024,"Aug 2024_FC","31_24_FC","Foulweather"
"816",2024-08-02,"Postelsia palmaeformis","FC",4,0,"31","08","24",Aug 2024,"Aug 2024_FC","31_24_FC","Foulweather"
"817",2024-08-02,"Postelsia palmaeformis","FC",5,2,"31","08","24",Aug 2024,"Aug 2024_FC","31_24_FC","Foulweather"
"818",2024-08-03,"Alaria marginata","BB",2,0,"31","08","24",Aug 2024,"Aug 2024_BB","31_24_BB","Foulweather"
"819",2024-08-03,"Alaria marginata","BB",3,8.14285714285714,"31","08","24",Aug 2024,"Aug 2024_BB","31_24_BB","Foulweather"
"820",2024-08-03,"Alaria marginata","BB",5,1.8,"31","08","24",Aug 2024,"Aug 2024_BB","31_24_BB","Foulweather"
"821",2024-08-03,"Hedophyllum sessile","BB",3,13.3333333333333,"31","08","24",Aug 2024,"Aug 2024_BB","31_24_BB","Foulweather"
"822",2024-08-03,"Hedophyllum sessile","BB",4,17.0666666666667,"31","08","24",Aug 2024,"Aug 2024_BB","31_24_BB","Foulweather"
"823",2024-08-03,"Hedophyllum sessile","BB",5,19.6666666666667,"31","08","24",Aug 2024,"Aug 2024_BB","31_24_BB","Foulweather"
"824",2024-08-04,"Alaria marginata","CB",1,1.8,"31","08","24",Aug 2024,"Aug 2024_CB","31_24_CB","Blanco"
"825",2024-08-04,"Alaria marginata","CB",2,1,"31","08","24",Aug 2024,"Aug 2024_CB","31_24_CB","Blanco"
"826",2024-08-04,"Alaria marginata","CB",3,0.4,"31","08","24",Aug 2024,"Aug 2024_CB","31_24_CB","Blanco"
"827",2024-08-04,"Alaria marginata","CB",4,2.5,"31","08","24",Aug 2024,"Aug 2024_CB","31_24_CB","Blanco"
"828",2024-08-04,"Egregia menziesii","YB",1,0,"31","08","24",Aug 2024,"Aug 2024_YB","31_24_YB","Perpetua"
"829",2024-08-04,"Egregia menziesii","YB",2,0.2,"31","08","24",Aug 2024,"Aug 2024_YB","31_24_YB","Perpetua"
"830",2024-08-04,"Egregia menziesii","YB",3,0,"31","08","24",Aug 2024,"Aug 2024_YB","31_24_YB","Perpetua"
"831",2024-08-04,"Hedophyllum sessile","CB",1,3.71428571428571,"31","08","24",Aug 2024,"Aug 2024_CB","31_24_CB","Blanco"
"832",2024-08-04,"Hedophyllum sessile","CB",2,6.6,"31","08","24",Aug 2024,"Aug 2024_CB","31_24_CB","Blanco"
"833",2024-08-04,"Hedophyllum sessile","CB",3,27.4,"31","08","24",Aug 2024,"Aug 2024_CB","31_24_CB","Blanco"
"834",2024-08-04,"Hedophyllum sessile","CB",4,12,"31","08","24",Aug 2024,"Aug 2024_CB","31_24_CB","Blanco"
"835",2024-08-04,"Hedophyllum sessile","CB",5,21.3636363636364,"31","08","24",Aug 2024,"Aug 2024_CB","31_24_CB","Blanco"
"836",2024-08-04,"Hedophyllum sessile","YB",1,21.2857142857143,"31","08","24",Aug 2024,"Aug 2024_YB","31_24_YB","Perpetua"
"837",2024-08-04,"Hedophyllum sessile","YB",2,23.1428571428571,"31","08","24",Aug 2024,"Aug 2024_YB","31_24_YB","Perpetua"
"838",2024-08-04,"Hedophyllum sessile","YB",3,18.1666666666667,"31","08","24",Aug 2024,"Aug 2024_YB","31_24_YB","Perpetua"
"839",2024-08-04,"Hedophyllum sessile","YB",4,44.5714285714286,"31","08","24",Aug 2024,"Aug 2024_YB","31_24_YB","Perpetua"
"840",2024-08-04,"Hedophyllum sessile","YB",5,34.75,"31","08","24",Aug 2024,"Aug 2024_YB","31_24_YB","Perpetua"
"841",2024-08-04,"Laminaria sinclairii","YB",2,7,"31","08","24",Aug 2024,"Aug 2024_YB","31_24_YB","Perpetua"
"842",2024-08-04,"Laminaria sinclairii","YB",3,10,"31","08","24",Aug 2024,"Aug 2024_YB","31_24_YB","Perpetua"
"843",2024-08-04,"Laminaria sinclairii","YB",4,14.5,"31","08","24",Aug 2024,"Aug 2024_YB","31_24_YB","Perpetua"
"844",2024-08-04,"Laminaria sinclairii","YB",5,26,"31","08","24",Aug 2024,"Aug 2024_YB","31_24_YB","Perpetua"
"845",2024-08-04,"Lessoniopsis littoralis","CB",1,1.33333333333333,"31","08","24",Aug 2024,"Aug 2024_CB","31_24_CB","Blanco"
"846",2024-08-04,"Lessoniopsis littoralis","CB",2,0.818181818181818,"31","08","24",Aug 2024,"Aug 2024_CB","31_24_CB","Blanco"
"847",2024-08-04,"Lessoniopsis littoralis","CB",4,0.666666666666667,"31","08","24",Aug 2024,"Aug 2024_CB","31_24_CB","Blanco"
"848",2024-08-04,"Lessoniopsis littoralis","CB",5,1,"31","08","24",Aug 2024,"Aug 2024_CB","31_24_CB","Blanco"
"849",2024-08-04,"Postelsia palmaeformis","CB",1,4,"31","08","24",Aug 2024,"Aug 2024_CB","31_24_CB","Blanco"
"850",2024-08-04,"Postelsia palmaeformis","CB",2,5.66666666666667,"31","08","24",Aug 2024,"Aug 2024_CB","31_24_CB","Blanco"
"851",2024-08-04,"Postelsia palmaeformis","CB",3,7.5,"31","08","24",Aug 2024,"Aug 2024_CB","31_24_CB","Blanco"
"852",2024-08-04,"Postelsia palmaeformis","CB",4,9,"31","08","24",Aug 2024,"Aug 2024_CB","31_24_CB","Blanco"
"853",2024-08-04,"Postelsia palmaeformis","CB",5,0,"31","08","24",Aug 2024,"Aug 2024_CB","31_24_CB","Blanco"
"854",2024-08-04,"Postelsia palmaeformis","YB",1,1,"31","08","24",Aug 2024,"Aug 2024_YB","31_24_YB","Perpetua"
"855",2024-08-04,"Postelsia palmaeformis","YB",2,0,"31","08","24",Aug 2024,"Aug 2024_YB","31_24_YB","Perpetua"
"856",2024-08-04,"Postelsia palmaeformis","YB",3,5.5,"31","08","24",Aug 2024,"Aug 2024_YB","31_24_YB","Perpetua"
"857",2024-08-04,"Postelsia palmaeformis","YB",4,2,"31","08","24",Aug 2024,"Aug 2024_YB","31_24_YB","Perpetua"
"858",2024-08-04,"Postelsia palmaeformis","YB",5,10,"31","08","24",Aug 2024,"Aug 2024_YB","31_24_YB","Perpetua"
"859",2024-08-05,"Alaria marginata","RP",1,2.83333333333333,"31","08","24",Aug 2024,"Aug 2024_RP","31_24_RP","Blanco"
"860",2024-08-05,"Alaria marginata","RP",2,4.71428571428571,"31","08","24",Aug 2024,"Aug 2024_RP","31_24_RP","Blanco"
"861",2024-08-05,"Alaria marginata","RP",3,1.2,"31","08","24",Aug 2024,"Aug 2024_RP","31_24_RP","Blanco"
"862",2024-08-05,"Alaria marginata","RP",4,5,"31","08","24",Aug 2024,"Aug 2024_RP","31_24_RP","Blanco"
"863",2024-08-05,"Egregia menziesii","RP",3,0,"31","08","24",Aug 2024,"Aug 2024_RP","31_24_RP","Blanco"
"864",2024-08-05,"Egregia menziesii","RP",4,0,"31","08","24",Aug 2024,"Aug 2024_RP","31_24_RP","Blanco"
"865",2024-08-05,"Egregia menziesii","SH",2,0.2,"31","08","24",Aug 2024,"Aug 2024_SH","31_24_SH","Perpetua"
"866",2024-08-05,"Egregia menziesii","SH",4,0.2,"31","08","24",Aug 2024,"Aug 2024_SH","31_24_SH","Perpetua"
"867",2024-08-05,"Egregia menziesii","SH",5,0,"31","08","24",Aug 2024,"Aug 2024_SH","31_24_SH","Perpetua"
"868",2024-08-05,"Hedophyllum sessile","RP",1,9.5,"31","08","24",Aug 2024,"Aug 2024_RP","31_24_RP","Blanco"
"869",2024-08-05,"Hedophyllum sessile","RP",2,33.8333333333333,"31","08","24",Aug 2024,"Aug 2024_RP","31_24_RP","Blanco"
"870",2024-08-05,"Hedophyllum sessile","RP",3,47.375,"31","08","24",Aug 2024,"Aug 2024_RP","31_24_RP","Blanco"
"871",2024-08-05,"Hedophyllum sessile","RP",4,60.5,"31","08","24",Aug 2024,"Aug 2024_RP","31_24_RP","Blanco"
"872",2024-08-05,"Hedophyllum sessile","RP",5,41.2,"31","08","24",Aug 2024,"Aug 2024_RP","31_24_RP","Blanco"
"873",2024-08-05,"Hedophyllum sessile","SH",2,0.6,"31","08","24",Aug 2024,"Aug 2024_SH","31_24_SH","Perpetua"
"874",2024-08-05,"Hedophyllum sessile","SH",5,19.375,"31","08","24",Aug 2024,"Aug 2024_SH","31_24_SH","Perpetua"
"875",2024-08-06,"Alaria marginata","TK",1,3.8,"32","08","24",Aug 2024,"Aug 2024_TK","32_24_TK","Perpetua"
"876",2024-08-06,"Alaria marginata","TK",2,7.14285714285714,"32","08","24",Aug 2024,"Aug 2024_TK","32_24_TK","Perpetua"
"877",2024-08-06,"Alaria marginata","TK",3,6,"32","08","24",Aug 2024,"Aug 2024_TK","32_24_TK","Perpetua"
"878",2024-08-06,"Alaria marginata","TK",4,3.33333333333333,"32","08","24",Aug 2024,"Aug 2024_TK","32_24_TK","Perpetua"
"879",2024-08-06,"Alaria marginata","TK",5,2.66666666666667,"32","08","24",Aug 2024,"Aug 2024_TK","32_24_TK","Perpetua"
"880",2024-08-06,"Hedophyllum sessile","SH",1,9,"32","08","24",Aug 2024,"Aug 2024_SH","32_24_SH","Perpetua"
"881",2024-08-06,"Hedophyllum sessile","SH",2,16.2222222222222,"32","08","24",Aug 2024,"Aug 2024_SH","32_24_SH","Perpetua"
"882",2024-08-06,"Hedophyllum sessile","SH",3,34.25,"32","08","24",Aug 2024,"Aug 2024_SH","32_24_SH","Perpetua"
"883",2024-08-06,"Hedophyllum sessile","SH",5,14.1666666666667,"32","08","24",Aug 2024,"Aug 2024_SH","32_24_SH","Perpetua"
"884",2024-08-14,"Egregia menziesii","BB",1,0.4,"33","08","24",Aug 2024,"Aug 2024_BB","33_24_BB","Foulweather"
"885",2024-08-14,"Egregia menziesii","BB",2,0.4,"33","08","24",Aug 2024,"Aug 2024_BB","33_24_BB","Foulweather"
"886",2024-08-14,"Egregia menziesii","BB",3,0.2,"33","08","24",Aug 2024,"Aug 2024_BB","33_24_BB","Foulweather"
"887",2024-08-14,"Egregia menziesii","BB",5,0.6,"33","08","24",Aug 2024,"Aug 2024_BB","33_24_BB","Foulweather"
"888",2024-08-17,"Alaria marginata","BB",3,2.42857142857143,"33","08","24",Aug 2024,"Aug 2024_BB","33_24_BB","Foulweather"
"889",2024-08-17,"Alaria marginata","BB",5,1,"33","08","24",Aug 2024,"Aug 2024_BB","33_24_BB","Foulweather"
"890",2024-08-17,"Hedophyllum sessile","BB",1,6.44444444444444,"33","08","24",Aug 2024,"Aug 2024_BB","33_24_BB","Foulweather"
"891",2024-08-17,"Hedophyllum sessile","BB",2,5.625,"33","08","24",Aug 2024,"Aug 2024_BB","33_24_BB","Foulweather"
"892",2024-08-17,"Hedophyllum sessile","BB",3,6.4,"33","08","24",Aug 2024,"Aug 2024_BB","33_24_BB","Foulweather"
"893",2024-08-17,"Hedophyllum sessile","BB",4,9.63636363636364,"33","08","24",Aug 2024,"Aug 2024_BB","33_24_BB","Foulweather"
"894",2024-08-17,"Hedophyllum sessile","BB",5,10.8333333333333,"33","08","24",Aug 2024,"Aug 2024_BB","33_24_BB","Foulweather"
"895",2024-08-17,"Lessoniopsis littoralis","BB",1,2.6,"33","08","24",Aug 2024,"Aug 2024_BB","33_24_BB","Foulweather"
"896",2024-08-17,"Lessoniopsis littoralis","BB",2,0.571428571428571,"33","08","24",Aug 2024,"Aug 2024_BB","33_24_BB","Foulweather"
"897",2024-08-17,"Lessoniopsis littoralis","BB",3,0.333333333333333,"33","08","24",Aug 2024,"Aug 2024_BB","33_24_BB","Foulweather"
"898",2024-08-17,"Lessoniopsis littoralis","BB",4,1.16666666666667,"33","08","24",Aug 2024,"Aug 2024_BB","33_24_BB","Foulweather"
"899",2024-08-17,"Lessoniopsis littoralis","BB",5,1,"33","08","24",Aug 2024,"Aug 2024_BB","33_24_BB","Foulweather"
"900",2024-08-18,"Egregia menziesii","FC",1,0.571428571428571,"33","08","24",Aug 2024,"Aug 2024_FC","33_24_FC","Foulweather"
"901",2024-08-18,"Egregia menziesii","FC",2,0.2,"33","08","24",Aug 2024,"Aug 2024_FC","33_24_FC","Foulweather"
"902",2024-08-18,"Egregia menziesii","FC",3,0.166666666666667,"33","08","24",Aug 2024,"Aug 2024_FC","33_24_FC","Foulweather"
"903",2024-08-18,"Egregia menziesii","FC",4,0.2,"33","08","24",Aug 2024,"Aug 2024_FC","33_24_FC","Foulweather"
"904",2024-08-18,"Egregia menziesii","FC",5,0,"33","08","24",Aug 2024,"Aug 2024_FC","33_24_FC","Foulweather"
"905",2024-08-18,"Hedophyllum sessile","FC",1,12.9230769230769,"33","08","24",Aug 2024,"Aug 2024_FC","33_24_FC","Foulweather"
"906",2024-08-18,"Hedophyllum sessile","FC",2,11.3,"33","08","24",Aug 2024,"Aug 2024_FC","33_24_FC","Foulweather"
"907",2024-08-18,"Hedophyllum sessile","FC",3,7.3,"33","08","24",Aug 2024,"Aug 2024_FC","33_24_FC","Foulweather"
"908",2024-08-18,"Hedophyllum sessile","FC",4,17.4,"33","08","24",Aug 2024,"Aug 2024_FC","33_24_FC","Foulweather"
"909",2024-08-18,"Hedophyllum sessile","FC",5,11.2857142857143,"33","08","24",Aug 2024,"Aug 2024_FC","33_24_FC","Foulweather"
"910",2024-08-18,"Lessoniopsis littoralis","FC",1,1.16666666666667,"33","08","24",Aug 2024,"Aug 2024_FC","33_24_FC","Foulweather"
"911",2024-08-18,"Lessoniopsis littoralis","FC",2,0.4,"33","08","24",Aug 2024,"Aug 2024_FC","33_24_FC","Foulweather"
"912",2024-08-18,"Lessoniopsis littoralis","FC",3,1.83333333333333,"33","08","24",Aug 2024,"Aug 2024_FC","33_24_FC","Foulweather"
"913",2024-08-18,"Lessoniopsis littoralis","FC",4,3.33333333333333,"33","08","24",Aug 2024,"Aug 2024_FC","33_24_FC","Foulweather"
"914",2024-08-18,"Lessoniopsis littoralis","FC",5,0.2,"33","08","24",Aug 2024,"Aug 2024_FC","33_24_FC","Foulweather"
"915",2024-08-18,"Postelsia palmaeformis","FC",1,2.5,"33","08","24",Aug 2024,"Aug 2024_FC","33_24_FC","Foulweather"
"916",2024-08-18,"Postelsia palmaeformis","FC",2,5,"33","08","24",Aug 2024,"Aug 2024_FC","33_24_FC","Foulweather"
"917",2024-08-18,"Postelsia palmaeformis","FC",3,7,"33","08","24",Aug 2024,"Aug 2024_FC","33_24_FC","Foulweather"
"918",2024-08-18,"Postelsia palmaeformis","FC",4,2,"33","08","24",Aug 2024,"Aug 2024_FC","33_24_FC","Foulweather"
"919",2024-08-18,"Postelsia palmaeformis","FC",5,2.5,"33","08","24",Aug 2024,"Aug 2024_FC","33_24_FC","Foulweather"
"920",2024-08-19,"Hedophyllum sessile","YB",3,9.625,"33","08","24",Aug 2024,"Aug 2024_YB","33_24_YB","Perpetua"
"921",2024-08-19,"Hedophyllum sessile","YB",4,34.6666666666667,"33","08","24",Aug 2024,"Aug 2024_YB","33_24_YB","Perpetua"
"922",2024-08-19,"Hedophyllum sessile","YB",5,26.1,"33","08","24",Aug 2024,"Aug 2024_YB","33_24_YB","Perpetua"
"923",2024-08-20,"Alaria marginata","TK",1,6.16666666666667,"34","08","24",Aug 2024,"Aug 2024_TK","34_24_TK","Perpetua"
"924",2024-08-20,"Alaria marginata","TK",2,9.42857142857143,"34","08","24",Aug 2024,"Aug 2024_TK","34_24_TK","Perpetua"
"925",2024-08-20,"Alaria marginata","TK",3,8,"34","08","24",Aug 2024,"Aug 2024_TK","34_24_TK","Perpetua"
"926",2024-08-20,"Alaria marginata","TK",4,5.8,"34","08","24",Aug 2024,"Aug 2024_TK","34_24_TK","Perpetua"
"927",2024-08-20,"Alaria marginata","TK",5,2.66666666666667,"34","08","24",Aug 2024,"Aug 2024_TK","34_24_TK","Perpetua"
"928",2024-08-21,"Alaria marginata","CB",1,1.66666666666667,"34","08","24",Aug 2024,"Aug 2024_CB","34_24_CB","Blanco"
"929",2024-08-21,"Alaria marginata","CB",2,1.5,"34","08","24",Aug 2024,"Aug 2024_CB","34_24_CB","Blanco"
"930",2024-08-21,"Alaria marginata","CB",3,0.5,"34","08","24",Aug 2024,"Aug 2024_CB","34_24_CB","Blanco"
"931",2024-08-21,"Alaria marginata","CB",4,1.5,"34","08","24",Aug 2024,"Aug 2024_CB","34_24_CB","Blanco"
"932",2024-08-21,"Alaria marginata","CB",5,0,"34","08","24",Aug 2024,"Aug 2024_CB","34_24_CB","Blanco"
"933",2024-08-21,"Hedophyllum sessile","CB",1,6.4,"34","08","24",Aug 2024,"Aug 2024_CB","34_24_CB","Blanco"
"934",2024-08-21,"Hedophyllum sessile","CB",2,6.8,"34","08","24",Aug 2024,"Aug 2024_CB","34_24_CB","Blanco"
"935",2024-08-21,"Hedophyllum sessile","CB",3,22,"34","08","24",Aug 2024,"Aug 2024_CB","34_24_CB","Blanco"
"936",2024-08-21,"Hedophyllum sessile","CB",4,3.2,"34","08","24",Aug 2024,"Aug 2024_CB","34_24_CB","Blanco"
"937",2024-08-21,"Hedophyllum sessile","CB",5,28.3333333333333,"34","08","24",Aug 2024,"Aug 2024_CB","34_24_CB","Blanco"
"938",2024-08-21,"Lessoniopsis littoralis","CB",3,0,"34","08","24",Aug 2024,"Aug 2024_CB","34_24_CB","Blanco"
"939",2024-08-21,"Lessoniopsis littoralis","CB",4,0,"34","08","24",Aug 2024,"Aug 2024_CB","34_24_CB","Blanco"
"940",2024-08-21,"Postelsia palmaeformis","CB",1,5,"34","08","24",Aug 2024,"Aug 2024_CB","34_24_CB","Blanco"
"941",2024-08-21,"Postelsia palmaeformis","CB",2,5,"34","08","24",Aug 2024,"Aug 2024_CB","34_24_CB","Blanco"
"942",2024-08-21,"Postelsia palmaeformis","CB",3,4,"34","08","24",Aug 2024,"Aug 2024_CB","34_24_CB","Blanco"
"943",2024-08-21,"Postelsia palmaeformis","CB",4,3,"34","08","24",Aug 2024,"Aug 2024_CB","34_24_CB","Blanco"
"944",2024-08-21,"Postelsia palmaeformis","CB",5,NA,"34","08","24",Aug 2024,"Aug 2024_CB","34_24_CB","Blanco"
"945",2024-08-22,"Alaria marginata","RP",1,2.2,"34","08","24",Aug 2024,"Aug 2024_RP","34_24_RP","Blanco"
"946",2024-08-22,"Alaria marginata","RP",2,2.4,"34","08","24",Aug 2024,"Aug 2024_RP","34_24_RP","Blanco"
"947",2024-08-22,"Alaria marginata","RP",3,0.2,"34","08","24",Aug 2024,"Aug 2024_RP","34_24_RP","Blanco"
"948",2024-08-22,"Alaria marginata","RP",4,1.4,"34","08","24",Aug 2024,"Aug 2024_RP","34_24_RP","Blanco"
"949",2024-08-22,"Hedophyllum sessile","RP",1,41,"34","08","24",Aug 2024,"Aug 2024_RP","34_24_RP","Blanco"
"950",2024-08-22,"Hedophyllum sessile","RP",2,41.6,"34","08","24",Aug 2024,"Aug 2024_RP","34_24_RP","Blanco"
"951",2024-08-22,"Hedophyllum sessile","RP",3,35.75,"34","08","24",Aug 2024,"Aug 2024_RP","34_24_RP","Blanco"
"952",2024-08-22,"Hedophyllum sessile","RP",4,56.1666666666667,"34","08","24",Aug 2024,"Aug 2024_RP","34_24_RP","Blanco"
"953",2024-08-22,"Hedophyllum sessile","RP",5,39.4285714285714,"34","08","24",Aug 2024,"Aug 2024_RP","34_24_RP","Blanco"
"954",2024-09-16,"Egregia menziesii","FC",1,0.333333333333333,"37","09","24",Sep 2024,"Sep 2024_FC","37_24_FC","Foulweather"
"955",2024-09-16,"Egregia menziesii","FC",2,0,"37","09","24",Sep 2024,"Sep 2024_FC","37_24_FC","Foulweather"
"956",2024-09-16,"Egregia menziesii","FC",3,0,"37","09","24",Sep 2024,"Sep 2024_FC","37_24_FC","Foulweather"
"957",2024-09-16,"Egregia menziesii","FC",4,0,"37","09","24",Sep 2024,"Sep 2024_FC","37_24_FC","Foulweather"
"958",2024-09-16,"Egregia menziesii","FC",5,0,"37","09","24",Sep 2024,"Sep 2024_FC","37_24_FC","Foulweather"
"959",2024-09-16,"Hedophyllum sessile","FC",1,14.875,"37","09","24",Sep 2024,"Sep 2024_FC","37_24_FC","Foulweather"
"960",2024-09-16,"Hedophyllum sessile","FC",2,11.6666666666667,"37","09","24",Sep 2024,"Sep 2024_FC","37_24_FC","Foulweather"
"961",2024-09-16,"Hedophyllum sessile","FC",3,5.90909090909091,"37","09","24",Sep 2024,"Sep 2024_FC","37_24_FC","Foulweather"
"962",2024-09-16,"Hedophyllum sessile","FC",4,15,"37","09","24",Sep 2024,"Sep 2024_FC","37_24_FC","Foulweather"
"963",2024-09-17,"Alaria marginata","BB",2,0,"38","09","24",Sep 2024,"Sep 2024_BB","38_24_BB","Foulweather"
"964",2024-09-17,"Alaria marginata","BB",3,1.28571428571429,"38","09","24",Sep 2024,"Sep 2024_BB","38_24_BB","Foulweather"
"965",2024-09-17,"Alaria marginata","BB",5,0,"38","09","24",Sep 2024,"Sep 2024_BB","38_24_BB","Foulweather"
"966",2024-09-17,"Hedophyllum sessile","BB",1,3.64285714285714,"38","09","24",Sep 2024,"Sep 2024_BB","38_24_BB","Foulweather"
"967",2024-09-17,"Hedophyllum sessile","BB",2,6.61538461538461,"38","09","24",Sep 2024,"Sep 2024_BB","38_24_BB","Foulweather"
"968",2024-09-17,"Hedophyllum sessile","BB",3,4.57142857142857,"38","09","24",Sep 2024,"Sep 2024_BB","38_24_BB","Foulweather"
"969",2024-09-17,"Hedophyllum sessile","BB",4,8.13333333333333,"38","09","24",Sep 2024,"Sep 2024_BB","38_24_BB","Foulweather"
"970",2024-09-17,"Hedophyllum sessile","BB",5,6.90909090909091,"38","09","24",Sep 2024,"Sep 2024_BB","38_24_BB","Foulweather"
"971",2024-09-21,"Egregia menziesii","RP",2,0.333333333333333,"38","09","24",Sep 2024,"Sep 2024_RP","38_24_RP","Blanco"
"972",2024-09-21,"Egregia menziesii","RP",3,0,"38","09","24",Sep 2024,"Sep 2024_RP","38_24_RP","Blanco"
"973",2024-10-18,"Hedophyllum sessile","FC",1,34.625,"42","10","24",Oct 2024,"Oct 2024_FC","42_24_FC","Foulweather"
"974",2024-10-18,"Hedophyllum sessile","FC",2,19.2307692307692,"42","10","24",Oct 2024,"Oct 2024_FC","42_24_FC","Foulweather"
"975",2024-10-18,"Hedophyllum sessile","FC",3,6.66666666666667,"42","10","24",Oct 2024,"Oct 2024_FC","42_24_FC","Foulweather"
"976",2024-10-18,"Hedophyllum sessile","FC",4,25.7,"42","10","24",Oct 2024,"Oct 2024_FC","42_24_FC","Foulweather"
"977",2024-10-18,"Hedophyllum sessile","FC",5,16,"42","10","24",Oct 2024,"Oct 2024_FC","42_24_FC","Foulweather"
"978",2024-10-19,"Alaria marginata","CB",1,0.4,"42","10","24",Oct 2024,"Oct 2024_CB","42_24_CB","Blanco"
"979",2024-10-19,"Alaria marginata","CB",2,1.5,"42","10","24",Oct 2024,"Oct 2024_CB","42_24_CB","Blanco"
"980",2024-10-19,"Alaria marginata","CB",3,1,"42","10","24",Oct 2024,"Oct 2024_CB","42_24_CB","Blanco"
"981",2024-10-19,"Alaria marginata","CB",4,0.666666666666667,"42","10","24",Oct 2024,"Oct 2024_CB","42_24_CB","Blanco"
"982",2024-10-19,"Alaria marginata","CB",5,0,"42","10","24",Oct 2024,"Oct 2024_CB","42_24_CB","Blanco"
"983",2024-10-19,"Hedophyllum sessile","CB",1,5.6,"42","10","24",Oct 2024,"Oct 2024_CB","42_24_CB","Blanco"
"984",2024-10-19,"Hedophyllum sessile","CB",2,1.83333333333333,"42","10","24",Oct 2024,"Oct 2024_CB","42_24_CB","Blanco"
"985",2024-10-19,"Hedophyllum sessile","CB",3,25.5,"42","10","24",Oct 2024,"Oct 2024_CB","42_24_CB","Blanco"
"986",2024-10-19,"Hedophyllum sessile","CB",4,4.33333333333333,"42","10","24",Oct 2024,"Oct 2024_CB","42_24_CB","Blanco"
"987",2024-10-19,"Hedophyllum sessile","CB",5,20.3333333333333,"42","10","24",Oct 2024,"Oct 2024_CB","42_24_CB","Blanco"
"988",2024-10-19,"Postelsia palmaeformis","CB",1,0,"42","10","24",Oct 2024,"Oct 2024_CB","42_24_CB","Blanco"
"989",2024-10-19,"Postelsia palmaeformis","CB",2,1.5,"42","10","24",Oct 2024,"Oct 2024_CB","42_24_CB","Blanco"
"990",2024-10-19,"Postelsia palmaeformis","CB",3,0,"42","10","24",Oct 2024,"Oct 2024_CB","42_24_CB","Blanco"
"991",2024-10-19,"Postelsia palmaeformis","CB",4,0,"42","10","24",Oct 2024,"Oct 2024_CB","42_24_CB","Blanco"
"992",2024-10-19,"Postelsia palmaeformis","CB",5,0,"42","10","24",Oct 2024,"Oct 2024_CB","42_24_CB","Blanco"
"993",2024-10-21,"Egregia menziesii","YB",1,0.333333333333333,"42","10","24",Oct 2024,"Oct 2024_YB","42_24_YB","Perpetua"
"994",2024-10-21,"Egregia menziesii","YB",2,0.6,"42","10","24",Oct 2024,"Oct 2024_YB","42_24_YB","Perpetua"
"995",2024-10-21,"Egregia menziesii","YB",3,0,"42","10","24",Oct 2024,"Oct 2024_YB","42_24_YB","Perpetua"
"996",2024-12-03,"Alaria marginata","BB",2,0,"49","12","24",Dec 2024,"Dec 2024_BB","49_24_BB","Foulweather"
"997",2024-12-03,"Alaria marginata","BB",3,0,"49","12","24",Dec 2024,"Dec 2024_BB","49_24_BB","Foulweather"
"998",2024-12-03,"Alaria marginata","BB",5,0,"49","12","24",Dec 2024,"Dec 2024_BB","49_24_BB","Foulweather"
"999",2024-12-03,"Hedophyllum sessile","BB",1,4.61538461538461,"49","12","24",Dec 2024,"Dec 2024_BB","49_24_BB","Foulweather"
"1000",2024-12-03,"Hedophyllum sessile","BB",2,6.25,"49","12","24",Dec 2024,"Dec 2024_BB","49_24_BB","Foulweather"
"1001",2024-12-03,"Hedophyllum sessile","BB",3,5.36363636363636,"49","12","24",Dec 2024,"Dec 2024_BB","49_24_BB","Foulweather"
"1002",2024-12-03,"Hedophyllum sessile","BB",4,7.93333333333333,"49","12","24",Dec 2024,"Dec 2024_BB","49_24_BB","Foulweather"
"1003",2025-01-28,"Egregia menziesii","YB",1,1,"05","01","25",Jan 2025,"Jan 2025_YB","05_25_YB","Perpetua"
"1004",2025-01-28,"Egregia menziesii","YB",2,0,"05","01","25",Jan 2025,"Jan 2025_YB","05_25_YB","Perpetua"
"1005",2025-01-28,"Egregia menziesii","YB",3,0,"05","01","25",Jan 2025,"Jan 2025_YB","05_25_YB","Perpetua"
"1006",2025-01-28,"Hedophyllum sessile","YB",1,8.8,"05","01","25",Jan 2025,"Jan 2025_YB","05_25_YB","Perpetua"
"1007",2025-01-28,"Hedophyllum sessile","YB",2,10.2,"05","01","25",Jan 2025,"Jan 2025_YB","05_25_YB","Perpetua"
"1008",2025-01-28,"Hedophyllum sessile","YB",3,8.16666666666667,"05","01","25",Jan 2025,"Jan 2025_YB","05_25_YB","Perpetua"
"1009",2025-01-28,"Hedophyllum sessile","YB",4,13.7777777777778,"05","01","25",Jan 2025,"Jan 2025_YB","05_25_YB","Perpetua"
"1010",2025-01-28,"Hedophyllum sessile","YB",5,11.7777777777778,"05","01","25",Jan 2025,"Jan 2025_YB","05_25_YB","Perpetua"
"1011",2025-01-30,"Hedophyllum sessile","FC",1,12.1,"05","01","25",Jan 2025,"Jan 2025_FC","05_25_FC","Foulweather"
"1012",2025-01-30,"Hedophyllum sessile","FC",2,9.58333333333333,"05","01","25",Jan 2025,"Jan 2025_FC","05_25_FC","Foulweather"
"1013",2025-01-30,"Hedophyllum sessile","FC",3,3.8,"05","01","25",Jan 2025,"Jan 2025_FC","05_25_FC","Foulweather"
"1014",2025-01-30,"Hedophyllum sessile","FC",4,15.6,"05","01","25",Jan 2025,"Jan 2025_FC","05_25_FC","Foulweather"
"1015",2025-01-30,"Hedophyllum sessile","FC",5,7.85714285714286,"05","01","25",Jan 2025,"Jan 2025_FC","05_25_FC","Foulweather"
"1016",2025-03-30,"Egregia menziesii","FC",1,0,"13","03","25",Mar 2025,"Mar 2025_FC","13_25_FC","Foulweather"
"1017",2025-03-30,"Egregia menziesii","FC",2,0,"13","03","25",Mar 2025,"Mar 2025_FC","13_25_FC","Foulweather"
"1018",2025-03-30,"Egregia menziesii","FC",3,0,"13","03","25",Mar 2025,"Mar 2025_FC","13_25_FC","Foulweather"
"1019",2025-03-30,"Egregia menziesii","FC",5,0,"13","03","25",Mar 2025,"Mar 2025_FC","13_25_FC","Foulweather"
"1020",2025-03-30,"Hedophyllum sessile","FC",1,4.5,"13","03","25",Mar 2025,"Mar 2025_FC","13_25_FC","Foulweather"
"1021",2025-03-30,"Hedophyllum sessile","FC",2,5,"13","03","25",Mar 2025,"Mar 2025_FC","13_25_FC","Foulweather"
"1022",2025-03-30,"Hedophyllum sessile","FC",3,1.2,"13","03","25",Mar 2025,"Mar 2025_FC","13_25_FC","Foulweather"
"1023",2025-03-30,"Hedophyllum sessile","FC",4,15,"13","03","25",Mar 2025,"Mar 2025_FC","13_25_FC","Foulweather"
"1024",2025-03-30,"Hedophyllum sessile","FC",5,5.25,"13","03","25",Mar 2025,"Mar 2025_FC","13_25_FC","Foulweather"
"1025",2025-04-28,"Alaria marginata","BB",2,0,"17","04","25",Apr 2025,"Apr 2025_BB","17_25_BB","Foulweather"
"1026",2025-04-28,"Alaria marginata","BB",3,0,"17","04","25",Apr 2025,"Apr 2025_BB","17_25_BB","Foulweather"
"1027",2025-04-28,"Alaria marginata","BB",4,22.2,"17","04","25",Apr 2025,"Apr 2025_BB","17_25_BB","Foulweather"
"1028",2025-04-28,"Alaria marginata","BB",5,0.8,"17","04","25",Apr 2025,"Apr 2025_BB","17_25_BB","Foulweather"
"1029",2025-04-28,"Egregia menziesii","BB",1,0,"17","04","25",Apr 2025,"Apr 2025_BB","17_25_BB","Foulweather"
"1030",2025-04-28,"Egregia menziesii","BB",2,0.2,"17","04","25",Apr 2025,"Apr 2025_BB","17_25_BB","Foulweather"
"1031",2025-04-28,"Egregia menziesii","BB",3,0,"17","04","25",Apr 2025,"Apr 2025_BB","17_25_BB","Foulweather"
"1032",2025-04-28,"Egregia menziesii","BB",4,0,"17","04","25",Apr 2025,"Apr 2025_BB","17_25_BB","Foulweather"
"1033",2025-04-28,"Egregia menziesii","BB",5,0,"17","04","25",Apr 2025,"Apr 2025_BB","17_25_BB","Foulweather"
"1034",2025-04-28,"Lessoniopsis littoralis","BB",1,0.5,"17","04","25",Apr 2025,"Apr 2025_BB","17_25_BB","Foulweather"
"1035",2025-04-28,"Lessoniopsis littoralis","BB",2,0.6,"17","04","25",Apr 2025,"Apr 2025_BB","17_25_BB","Foulweather"
"1036",2025-04-28,"Lessoniopsis littoralis","BB",3,1.5,"17","04","25",Apr 2025,"Apr 2025_BB","17_25_BB","Foulweather"
"1037",2025-04-28,"Lessoniopsis littoralis","BB",4,0.4,"17","04","25",Apr 2025,"Apr 2025_BB","17_25_BB","Foulweather"
"1038",2025-04-28,"Lessoniopsis littoralis","BB",5,0.833333333333333,"17","04","25",Apr 2025,"Apr 2025_BB","17_25_BB","Foulweather"
"1039",2025-04-29,"Hedophyllum sessile","YB",1,NA,"18","04","25",Apr 2025,"Apr 2025_YB","18_25_YB","Perpetua"
"1040",2025-04-29,"Hedophyllum sessile","YB",2,4.4,"18","04","25",Apr 2025,"Apr 2025_YB","18_25_YB","Perpetua"
"1041",2025-04-29,"Hedophyllum sessile","YB",3,2.8,"18","04","25",Apr 2025,"Apr 2025_YB","18_25_YB","Perpetua"
"1042",2025-04-29,"Hedophyllum sessile","YB",4,10,"18","04","25",Apr 2025,"Apr 2025_YB","18_25_YB","Perpetua"
"1043",2025-04-29,"Hedophyllum sessile","YB",5,7,"18","04","25",Apr 2025,"Apr 2025_YB","18_25_YB","Perpetua"
"1044",2025-04-30,"Alaria marginata","TK",2,0,"18","04","25",Apr 2025,"Apr 2025_TK","18_25_TK","Perpetua"
"1045",2025-04-30,"Alaria marginata","TK",3,0,"18","04","25",Apr 2025,"Apr 2025_TK","18_25_TK","Perpetua"
"1046",2025-04-30,"Alaria marginata","TK",4,0,"18","04","25",Apr 2025,"Apr 2025_TK","18_25_TK","Perpetua"
"1047",2025-04-30,"Alaria marginata","TK",5,0,"18","04","25",Apr 2025,"Apr 2025_TK","18_25_TK","Perpetua"
"1048",2025-04-30,"Egregia menziesii","SH",1,0,"18","04","25",Apr 2025,"Apr 2025_SH","18_25_SH","Perpetua"
"1049",2025-04-30,"Egregia menziesii","SH",2,0,"18","04","25",Apr 2025,"Apr 2025_SH","18_25_SH","Perpetua"
"1050",2025-04-30,"Egregia menziesii","SH",3,0,"18","04","25",Apr 2025,"Apr 2025_SH","18_25_SH","Perpetua"
"1051",2025-04-30,"Hedophyllum sessile","SH",1,0.2,"18","04","25",Apr 2025,"Apr 2025_SH","18_25_SH","Perpetua"
"1052",2025-04-30,"Hedophyllum sessile","SH",2,0.2,"18","04","25",Apr 2025,"Apr 2025_SH","18_25_SH","Perpetua"
"1053",2025-04-30,"Hedophyllum sessile","SH",3,2.42857142857143,"18","04","25",Apr 2025,"Apr 2025_SH","18_25_SH","Perpetua"
"1054",2025-04-30,"Hedophyllum sessile","SH",4,3,"18","04","25",Apr 2025,"Apr 2025_SH","18_25_SH","Perpetua"
"1055",2025-04-30,"Hedophyllum sessile","SH",5,0,"18","04","25",Apr 2025,"Apr 2025_SH","18_25_SH","Perpetua"
"1056",2025-04-30,"Laminaria sinclairii","SH",1,146.6,"18","04","25",Apr 2025,"Apr 2025_SH","18_25_SH","Perpetua"
"1057",2025-04-30,"Laminaria sinclairii","SH",4,0,"18","04","25",Apr 2025,"Apr 2025_SH","18_25_SH","Perpetua"
"1058",2025-04-30,"Laminaria sinclairii","SH",5,0.2,"18","04","25",Apr 2025,"Apr 2025_SH","18_25_SH","Perpetua"
"1059",2025-05-01,"Alaria marginata","CB",1,8.57142857142857,"18","05","25",May 2025,"May 2025_CB","18_25_CB","Blanco"
"1060",2025-05-01,"Alaria marginata","CB",2,0,"18","05","25",May 2025,"May 2025_CB","18_25_CB","Blanco"
"1061",2025-05-01,"Alaria marginata","CB",3,2,"18","05","25",May 2025,"May 2025_CB","18_25_CB","Blanco"
"1062",2025-05-01,"Alaria marginata","CB",4,NA,"18","05","25",May 2025,"May 2025_CB","18_25_CB","Blanco"
"1063",2025-05-01,"Alaria marginata","CB",5,14.3333333333333,"18","05","25",May 2025,"May 2025_CB","18_25_CB","Blanco"
"1064",2025-05-01,"Hedophyllum sessile","CB",1,0.4,"18","05","25",May 2025,"May 2025_CB","18_25_CB","Blanco"
"1065",2025-05-01,"Hedophyllum sessile","CB",2,1.33333333333333,"18","05","25",May 2025,"May 2025_CB","18_25_CB","Blanco"
"1066",2025-05-01,"Hedophyllum sessile","CB",3,4.6,"18","05","25",May 2025,"May 2025_CB","18_25_CB","Blanco"
"1067",2025-05-01,"Hedophyllum sessile","CB",4,0.2,"18","05","25",May 2025,"May 2025_CB","18_25_CB","Blanco"
"1068",2025-05-01,"Hedophyllum sessile","CB",5,1.2,"18","05","25",May 2025,"May 2025_CB","18_25_CB","Blanco"
"1069",2025-05-01,"Lessoniopsis littoralis","CB",1,0.4,"18","05","25",May 2025,"May 2025_CB","18_25_CB","Blanco"
"1070",2025-05-01,"Lessoniopsis littoralis","CB",2,NA,"18","05","25",May 2025,"May 2025_CB","18_25_CB","Blanco"
"1071",2025-05-01,"Lessoniopsis littoralis","CB",3,0.2,"18","05","25",May 2025,"May 2025_CB","18_25_CB","Blanco"
"1072",2025-05-01,"Lessoniopsis littoralis","CB",4,NA,"18","05","25",May 2025,"May 2025_CB","18_25_CB","Blanco"
"1073",2025-05-01,"Lessoniopsis littoralis","CB",5,0.2,"18","05","25",May 2025,"May 2025_CB","18_25_CB","Blanco"
"1074",2025-05-02,"Egregia menziesii","FC",1,0,"18","05","25",May 2025,"May 2025_FC","18_25_FC","Foulweather"
"1075",2025-05-02,"Egregia menziesii","FC",2,0,"18","05","25",May 2025,"May 2025_FC","18_25_FC","Foulweather"
"1076",2025-05-02,"Egregia menziesii","FC",3,0,"18","05","25",May 2025,"May 2025_FC","18_25_FC","Foulweather"
"1077",2025-05-02,"Egregia menziesii","FC",4,0,"18","05","25",May 2025,"May 2025_FC","18_25_FC","Foulweather"
"1078",2025-05-02,"Egregia menziesii","FC",5,0,"18","05","25",May 2025,"May 2025_FC","18_25_FC","Foulweather"
"1079",2025-06-23,"Egregia menziesii","BB",1,NA,"25","06","25",Jun 2025,"Jun 2025_BB","25_25_BB","Foulweather"
"1080",2025-06-23,"Egregia menziesii","BB",2,0.666666666666667,"25","06","25",Jun 2025,"Jun 2025_BB","25_25_BB","Foulweather"
"1081",2025-06-23,"Egregia menziesii","BB",3,0,"25","06","25",Jun 2025,"Jun 2025_BB","25_25_BB","Foulweather"
"1082",2025-06-23,"Egregia menziesii","BB",4,0,"25","06","25",Jun 2025,"Jun 2025_BB","25_25_BB","Foulweather"
"1083",2025-06-23,"Egregia menziesii","BB",5,0.2,"25","06","25",Jun 2025,"Jun 2025_BB","25_25_BB","Foulweather"
"1084",2025-06-24,"Egregia menziesii","FC",1,0,"26","06","25",Jun 2025,"Jun 2025_FC","26_25_FC","Foulweather"
"1085",2025-06-24,"Egregia menziesii","FC",2,0.4,"26","06","25",Jun 2025,"Jun 2025_FC","26_25_FC","Foulweather"
"1086",2025-06-24,"Egregia menziesii","FC",3,0,"26","06","25",Jun 2025,"Jun 2025_FC","26_25_FC","Foulweather"
"1087",2025-06-24,"Egregia menziesii","FC",4,0,"26","06","25",Jun 2025,"Jun 2025_FC","26_25_FC","Foulweather"
"1088",2025-06-24,"Egregia menziesii","FC",5,0,"26","06","25",Jun 2025,"Jun 2025_FC","26_25_FC","Foulweather"
"1089",2025-06-24,"Hedophyllum sessile","FC",1,4.11111111111111,"26","06","25",Jun 2025,"Jun 2025_FC","26_25_FC","Foulweather"
"1090",2025-06-24,"Hedophyllum sessile","FC",2,3,"26","06","25",Jun 2025,"Jun 2025_FC","26_25_FC","Foulweather"
"1091",2025-06-24,"Hedophyllum sessile","FC",3,2.28571428571429,"26","06","25",Jun 2025,"Jun 2025_FC","26_25_FC","Foulweather"
"1092",2025-06-24,"Hedophyllum sessile","FC",4,3.875,"26","06","25",Jun 2025,"Jun 2025_FC","26_25_FC","Foulweather"
"1093",2025-06-24,"Hedophyllum sessile","FC",5,3.2,"26","06","25",Jun 2025,"Jun 2025_FC","26_25_FC","Foulweather"
"1094",2025-06-24,"Postelsia palmaeformis","FC",1,1.33333333333333,"26","06","25",Jun 2025,"Jun 2025_FC","26_25_FC","Foulweather"
"1095",2025-06-24,"Postelsia palmaeformis","FC",2,9.33333333333333,"26","06","25",Jun 2025,"Jun 2025_FC","26_25_FC","Foulweather"
"1096",2025-06-24,"Postelsia palmaeformis","FC",3,5.75,"26","06","25",Jun 2025,"Jun 2025_FC","26_25_FC","Foulweather"
"1097",2025-06-24,"Postelsia palmaeformis","FC",4,1.66666666666667,"26","06","25",Jun 2025,"Jun 2025_FC","26_25_FC","Foulweather"
"1098",2025-06-24,"Postelsia palmaeformis","FC",5,4.25,"26","06","25",Jun 2025,"Jun 2025_FC","26_25_FC","Foulweather"
"1099",2025-06-25,"Alaria marginata","YB",1,0,"26","06","25",Jun 2025,"Jun 2025_YB","26_25_YB","Perpetua"
"1100",2025-06-25,"Alaria marginata","YB",2,0.6,"26","06","25",Jun 2025,"Jun 2025_YB","26_25_YB","Perpetua"
"1101",2025-06-25,"Alaria marginata","YB",3,0.6,"26","06","25",Jun 2025,"Jun 2025_YB","26_25_YB","Perpetua"
"1102",2025-06-25,"Alaria marginata","YB",4,1.5,"26","06","25",Jun 2025,"Jun 2025_YB","26_25_YB","Perpetua"
"1103",2025-06-25,"Alaria marginata","YB",5,0,"26","06","25",Jun 2025,"Jun 2025_YB","26_25_YB","Perpetua"
"1104",2025-06-25,"Postelsia palmaeformis","YB",1,2.66666666666667,"26","06","25",Jun 2025,"Jun 2025_YB","26_25_YB","Perpetua"
"1105",2025-06-25,"Postelsia palmaeformis","YB",2,3.5,"26","06","25",Jun 2025,"Jun 2025_YB","26_25_YB","Perpetua"
"1106",2025-06-25,"Postelsia palmaeformis","YB",3,4.25,"26","06","25",Jun 2025,"Jun 2025_YB","26_25_YB","Perpetua"
"1107",2025-06-25,"Postelsia palmaeformis","YB",4,6,"26","06","25",Jun 2025,"Jun 2025_YB","26_25_YB","Perpetua"
"1108",2025-06-25,"Postelsia palmaeformis","YB",5,3.5,"26","06","25",Jun 2025,"Jun 2025_YB","26_25_YB","Perpetua"
"1109",2025-06-26,"Hedophyllum sessile","YB",1,4.11111111111111,"26","06","25",Jun 2025,"Jun 2025_YB","26_25_YB","Perpetua"
"1110",2025-06-26,"Hedophyllum sessile","YB",2,1,"26","06","25",Jun 2025,"Jun 2025_YB","26_25_YB","Perpetua"
"1111",2025-06-26,"Hedophyllum sessile","YB",3,1.2,"26","06","25",Jun 2025,"Jun 2025_YB","26_25_YB","Perpetua"
"1112",2025-06-26,"Hedophyllum sessile","YB",4,2.4,"26","06","25",Jun 2025,"Jun 2025_YB","26_25_YB","Perpetua"
"1113",2025-06-26,"Hedophyllum sessile","YB",5,4.4,"26","06","25",Jun 2025,"Jun 2025_YB","26_25_YB","Perpetua"
"1114",2025-06-27,"Hedophyllum sessile","CB",1,5.4,"26","06","25",Jun 2025,"Jun 2025_CB","26_25_CB","Blanco"
"1115",2025-06-27,"Hedophyllum sessile","CB",2,1.25,"26","06","25",Jun 2025,"Jun 2025_CB","26_25_CB","Blanco"
"1116",2025-06-27,"Hedophyllum sessile","CB",3,8.33333333333333,"26","06","25",Jun 2025,"Jun 2025_CB","26_25_CB","Blanco"
"1117",2025-06-27,"Hedophyllum sessile","CB",4,4.83333333333333,"26","06","25",Jun 2025,"Jun 2025_CB","26_25_CB","Blanco"
"1118",2025-06-27,"Hedophyllum sessile","CB",5,0.8,"26","06","25",Jun 2025,"Jun 2025_CB","26_25_CB","Blanco"
"1119",2025-07-09,"Egregia menziesii","YB",1,0,"28","07","25",Jul 2025,"Jul 2025_YB","28_25_YB","Perpetua"
"1120",2025-07-09,"Egregia menziesii","YB",2,0.4,"28","07","25",Jul 2025,"Jul 2025_YB","28_25_YB","Perpetua"
"1121",2025-07-09,"Egregia menziesii","YB",3,0,"28","07","25",Jul 2025,"Jul 2025_YB","28_25_YB","Perpetua"
"1122",2025-07-09,"Hedophyllum sessile","YB",1,5,"28","07","25",Jul 2025,"Jul 2025_YB","28_25_YB","Perpetua"
"1123",2025-07-09,"Hedophyllum sessile","YB",2,7.85714285714286,"28","07","25",Jul 2025,"Jul 2025_YB","28_25_YB","Perpetua"
"1124",2025-07-09,"Hedophyllum sessile","YB",3,1.4,"28","07","25",Jul 2025,"Jul 2025_YB","28_25_YB","Perpetua"
"1125",2025-07-09,"Hedophyllum sessile","YB",4,1.5,"28","07","25",Jul 2025,"Jul 2025_YB","28_25_YB","Perpetua"
"1126",2025-07-09,"Hedophyllum sessile","YB",5,4,"28","07","25",Jul 2025,"Jul 2025_YB","28_25_YB","Perpetua"
"1127",2025-07-09,"Postelsia palmaeformis","YB",1,5,"28","07","25",Jul 2025,"Jul 2025_YB","28_25_YB","Perpetua"
"1128",2025-07-09,"Postelsia palmaeformis","YB",2,1.5,"28","07","25",Jul 2025,"Jul 2025_YB","28_25_YB","Perpetua"
"1129",2025-07-09,"Postelsia palmaeformis","YB",3,8,"28","07","25",Jul 2025,"Jul 2025_YB","28_25_YB","Perpetua"
"1130",2025-07-09,"Postelsia palmaeformis","YB",4,6.33333333333333,"28","07","25",Jul 2025,"Jul 2025_YB","28_25_YB","Perpetua"
"1131",2025-07-09,"Postelsia palmaeformis","YB",5,5,"28","07","25",Jul 2025,"Jul 2025_YB","28_25_YB","Perpetua"
"1132",2025-07-10,"Alaria marginata","CB",1,3.8,"28","07","25",Jul 2025,"Jul 2025_CB","28_25_CB","Blanco"
"1133",2025-07-10,"Alaria marginata","CB",2,0,"28","07","25",Jul 2025,"Jul 2025_CB","28_25_CB","Blanco"
"1134",2025-07-10,"Alaria marginata","CB",3,0.4,"28","07","25",Jul 2025,"Jul 2025_CB","28_25_CB","Blanco"
"1135",2025-07-10,"Alaria marginata","CB",4,1.66666666666667,"28","07","25",Jul 2025,"Jul 2025_CB","28_25_CB","Blanco"
"1136",2025-07-10,"Alaria marginata","CB",5,3.16666666666667,"28","07","25",Jul 2025,"Jul 2025_CB","28_25_CB","Blanco"
"1137",2025-07-10,"Hedophyllum sessile","CB",1,0.2,"28","07","25",Jul 2025,"Jul 2025_CB","28_25_CB","Blanco"
"1138",2025-07-10,"Hedophyllum sessile","CB",2,1,"28","07","25",Jul 2025,"Jul 2025_CB","28_25_CB","Blanco"
"1139",2025-07-10,"Hedophyllum sessile","CB",3,12.8,"28","07","25",Jul 2025,"Jul 2025_CB","28_25_CB","Blanco"
"1140",2025-07-10,"Hedophyllum sessile","CB",4,1.6,"28","07","25",Jul 2025,"Jul 2025_CB","28_25_CB","Blanco"
"1141",2025-07-10,"Hedophyllum sessile","CB",5,1,"28","07","25",Jul 2025,"Jul 2025_CB","28_25_CB","Blanco"
"1142",2025-07-11,"Alaria marginata","RP",1,1.8,"28","07","25",Jul 2025,"Jul 2025_RP","28_25_RP","Blanco"
"1143",2025-07-11,"Alaria marginata","RP",2,4.3,"28","07","25",Jul 2025,"Jul 2025_RP","28_25_RP","Blanco"
"1144",2025-07-11,"Alaria marginata","RP",3,1.33333333333333,"28","07","25",Jul 2025,"Jul 2025_RP","28_25_RP","Blanco"
"1145",2025-07-11,"Alaria marginata","RP",4,3.83333333333333,"28","07","25",Jul 2025,"Jul 2025_RP","28_25_RP","Blanco"
"1146",2025-07-11,"Egregia menziesii","RP",1,0,"28","07","25",Jul 2025,"Jul 2025_RP","28_25_RP","Blanco"
"1147",2025-07-11,"Egregia menziesii","RP",2,0,"28","07","25",Jul 2025,"Jul 2025_RP","28_25_RP","Blanco"
"1148",2025-07-11,"Egregia menziesii","RP",3,0.2,"28","07","25",Jul 2025,"Jul 2025_RP","28_25_RP","Blanco"
"1149",2025-07-12,"Egregia menziesii","FC",1,0,"28","07","25",Jul 2025,"Jul 2025_FC","28_25_FC","Foulweather"
"1150",2025-07-12,"Egregia menziesii","FC",2,0,"28","07","25",Jul 2025,"Jul 2025_FC","28_25_FC","Foulweather"
"1151",2025-07-12,"Egregia menziesii","FC",3,0,"28","07","25",Jul 2025,"Jul 2025_FC","28_25_FC","Foulweather"
"1152",2025-07-12,"Egregia menziesii","FC",4,0,"28","07","25",Jul 2025,"Jul 2025_FC","28_25_FC","Foulweather"
"1153",2025-07-12,"Egregia menziesii","FC",5,0,"28","07","25",Jul 2025,"Jul 2025_FC","28_25_FC","Foulweather"
"1154",2025-07-12,"Egregia menziesii","FC",NA,0.05,"28","07","25",Jul 2025,"Jul 2025_FC","28_25_FC","Foulweather"
"1155",2025-07-12,"Hedophyllum sessile","FC",1,0,"28","07","25",Jul 2025,"Jul 2025_FC","28_25_FC","Foulweather"
"1156",2025-07-12,"Hedophyllum sessile","FC",2,2,"28","07","25",Jul 2025,"Jul 2025_FC","28_25_FC","Foulweather"
"1157",2025-07-12,"Hedophyllum sessile","FC",3,4,"28","07","25",Jul 2025,"Jul 2025_FC","28_25_FC","Foulweather"
"1158",2025-07-12,"Hedophyllum sessile","FC",4,3,"28","07","25",Jul 2025,"Jul 2025_FC","28_25_FC","Foulweather"
"1159",2025-07-12,"Hedophyllum sessile","FC",NA,1.71428571428571,"28","07","25",Jul 2025,"Jul 2025_FC","28_25_FC","Foulweather"
"1160",2025-07-14,"Hedophyllum sessile","SH",1,8.375,"28","07","25",Jul 2025,"Jul 2025_SH","28_25_SH","Perpetua"
"1161",2025-07-14,"Hedophyllum sessile","SH",2,4.16666666666667,"28","07","25",Jul 2025,"Jul 2025_SH","28_25_SH","Perpetua"
"1162",2025-07-14,"Hedophyllum sessile","SH",3,5.22222222222222,"28","07","25",Jul 2025,"Jul 2025_SH","28_25_SH","Perpetua"
"1163",2025-07-14,"Hedophyllum sessile","SH",4,4.2,"28","07","25",Jul 2025,"Jul 2025_SH","28_25_SH","Perpetua"
"1164",2025-07-14,"Hedophyllum sessile","SH",5,0,"28","07","25",Jul 2025,"Jul 2025_SH","28_25_SH","Perpetua"
"1165",2025-07-22,"Egregia menziesii","YB",1,0,"30","07","25",Jul 2025,"Jul 2025_YB","30_25_YB","Perpetua"
"1166",2025-07-22,"Egregia menziesii","YB",2,0.2,"30","07","25",Jul 2025,"Jul 2025_YB","30_25_YB","Perpetua"
"1167",2025-07-22,"Egregia menziesii","YB",3,0.2,"30","07","25",Jul 2025,"Jul 2025_YB","30_25_YB","Perpetua"
"1168",2025-07-22,"Laminaria sinclairii","YB",1,133,"30","07","25",Jul 2025,"Jul 2025_YB","30_25_YB","Perpetua"
"1169",2025-07-22,"Laminaria sinclairii","YB",2,46,"30","07","25",Jul 2025,"Jul 2025_YB","30_25_YB","Perpetua"
"1170",2025-07-22,"Laminaria sinclairii","YB",3,46,"30","07","25",Jul 2025,"Jul 2025_YB","30_25_YB","Perpetua"
"1171",2025-07-22,"Laminaria sinclairii","YB",4,40,"30","07","25",Jul 2025,"Jul 2025_YB","30_25_YB","Perpetua"
"1172",2025-07-22,"Laminaria sinclairii","YB",5,55,"30","07","25",Jul 2025,"Jul 2025_YB","30_25_YB","Perpetua"
"1173",2025-07-22,"Postelsia palmaeformis","YB",1,5,"30","07","25",Jul 2025,"Jul 2025_YB","30_25_YB","Perpetua"
"1174",2025-07-22,"Postelsia palmaeformis","YB",2,3,"30","07","25",Jul 2025,"Jul 2025_YB","30_25_YB","Perpetua"
"1175",2025-07-22,"Postelsia palmaeformis","YB",3,5.33333333333333,"30","07","25",Jul 2025,"Jul 2025_YB","30_25_YB","Perpetua"
"1176",2025-07-22,"Postelsia palmaeformis","YB",4,6,"30","07","25",Jul 2025,"Jul 2025_YB","30_25_YB","Perpetua"
"1177",2025-07-22,"Postelsia palmaeformis","YB",5,8,"30","07","25",Jul 2025,"Jul 2025_YB","30_25_YB","Perpetua"
"1178",2025-07-24,"Egregia menziesii","FC",1,0,"30","07","25",Jul 2025,"Jul 2025_FC","30_25_FC","Foulweather"
"1179",2025-07-24,"Egregia menziesii","FC",2,0,"30","07","25",Jul 2025,"Jul 2025_FC","30_25_FC","Foulweather"
"1180",2025-07-24,"Egregia menziesii","FC",3,0,"30","07","25",Jul 2025,"Jul 2025_FC","30_25_FC","Foulweather"
"1181",2025-07-24,"Egregia menziesii","FC",4,0,"30","07","25",Jul 2025,"Jul 2025_FC","30_25_FC","Foulweather"
"1182",2025-07-24,"Egregia menziesii","FC",5,0.333333333333333,"30","07","25",Jul 2025,"Jul 2025_FC","30_25_FC","Foulweather"
"1183",2025-07-24,"Lessoniopsis littoralis","FC",1,1,"30","07","25",Jul 2025,"Jul 2025_FC","30_25_FC","Foulweather"
"1184",2025-07-24,"Lessoniopsis littoralis","FC",2,0.666666666666667,"30","07","25",Jul 2025,"Jul 2025_FC","30_25_FC","Foulweather"
"1185",2025-07-24,"Lessoniopsis littoralis","FC",3,1.33333333333333,"30","07","25",Jul 2025,"Jul 2025_FC","30_25_FC","Foulweather"
"1186",2025-07-24,"Lessoniopsis littoralis","FC",4,2.16666666666667,"30","07","25",Jul 2025,"Jul 2025_FC","30_25_FC","Foulweather"
"1187",2025-07-24,"Lessoniopsis littoralis","FC",5,0.714285714285714,"30","07","25",Jul 2025,"Jul 2025_FC","30_25_FC","Foulweather"
"1188",2025-07-24,"Postelsia palmaeformis","FC",1,2,"30","07","25",Jul 2025,"Jul 2025_FC","30_25_FC","Foulweather"
"1189",2025-07-24,"Postelsia palmaeformis","FC",2,7.5,"30","07","25",Jul 2025,"Jul 2025_FC","30_25_FC","Foulweather"
"1190",2025-07-24,"Postelsia palmaeformis","FC",3,11,"30","07","25",Jul 2025,"Jul 2025_FC","30_25_FC","Foulweather"
"1191",2025-07-24,"Postelsia palmaeformis","FC",4,1.66666666666667,"30","07","25",Jul 2025,"Jul 2025_FC","30_25_FC","Foulweather"
"1192",2025-07-24,"Postelsia palmaeformis","FC",5,4.66666666666667,"30","07","25",Jul 2025,"Jul 2025_FC","30_25_FC","Foulweather"
"1193",2025-07-25,"Egregia menziesii","SH",1,0.2,"30","07","25",Jul 2025,"Jul 2025_SH","30_25_SH","Perpetua"
"1194",2025-07-25,"Egregia menziesii","SH",2,1.6,"30","07","25",Jul 2025,"Jul 2025_SH","30_25_SH","Perpetua"
"1195",2025-07-25,"Egregia menziesii","SH",3,0.6,"30","07","25",Jul 2025,"Jul 2025_SH","30_25_SH","Perpetua"
"1196",2025-07-25,"Egregia menziesii","SH",4,0,"30","07","25",Jul 2025,"Jul 2025_SH","30_25_SH","Perpetua"
"1197",2025-07-25,"Egregia menziesii","SH",5,0,"30","07","25",Jul 2025,"Jul 2025_SH","30_25_SH","Perpetua"
"1198",2025-07-26,"Alaria marginata","CB",2,0,"30","07","25",Jul 2025,"Jul 2025_CB","30_25_CB","Blanco"
"1199",2025-07-26,"Alaria marginata","CB",3,0,"30","07","25",Jul 2025,"Jul 2025_CB","30_25_CB","Blanco"
"1200",2025-07-26,"Alaria marginata","CB",4,1.2,"30","07","25",Jul 2025,"Jul 2025_CB","30_25_CB","Blanco"
"1201",2025-07-26,"Alaria marginata","CB",5,0.666666666666667,"30","07","25",Jul 2025,"Jul 2025_CB","30_25_CB","Blanco"
"1202",2025-07-26,"Postelsia palmaeformis","CB",1,9.5,"30","07","25",Jul 2025,"Jul 2025_CB","30_25_CB","Blanco"
"1203",2025-07-26,"Postelsia palmaeformis","CB",2,16.5,"30","07","25",Jul 2025,"Jul 2025_CB","30_25_CB","Blanco"
"1204",2025-07-26,"Postelsia palmaeformis","CB",3,10,"30","07","25",Jul 2025,"Jul 2025_CB","30_25_CB","Blanco"
"1205",2025-07-26,"Postelsia palmaeformis","CB",4,6.66666666666667,"30","07","25",Jul 2025,"Jul 2025_CB","30_25_CB","Blanco"
"1206",2025-07-26,"Postelsia palmaeformis","CB",5,1,"30","07","25",Jul 2025,"Jul 2025_CB","30_25_CB","Blanco"
"1207",2025-07-27,"Alaria marginata","RP",1,0,"30","07","25",Jul 2025,"Jul 2025_RP","30_25_RP","Blanco"
"1208",2025-07-27,"Alaria marginata","RP",2,0,"30","07","25",Jul 2025,"Jul 2025_RP","30_25_RP","Blanco"
"1209",2025-07-27,"Alaria marginata","RP",3,3,"30","07","25",Jul 2025,"Jul 2025_RP","30_25_RP","Blanco"
"1210",2025-07-27,"Alaria marginata","RP",4,0,"30","07","25",Jul 2025,"Jul 2025_RP","30_25_RP","Blanco"
"1211",2025-07-27,"Alaria marginata","RP",NA,1.9,"30","07","25",Jul 2025,"Jul 2025_RP","30_25_RP","Blanco"
"1212",2025-07-27,"Hedophyllum sessile","CB",1,2.57142857142857,"30","07","25",Jul 2025,"Jul 2025_CB","30_25_CB","Blanco"
"1213",2025-07-27,"Hedophyllum sessile","CB",2,3.81818181818182,"30","07","25",Jul 2025,"Jul 2025_CB","30_25_CB","Blanco"
"1214",2025-07-27,"Hedophyllum sessile","CB",3,2,"30","07","25",Jul 2025,"Jul 2025_CB","30_25_CB","Blanco"
"1215",2025-07-27,"Hedophyllum sessile","CB",4,0.8,"30","07","25",Jul 2025,"Jul 2025_CB","30_25_CB","Blanco"
"1216",2025-07-27,"Hedophyllum sessile","CB",5,0.8,"30","07","25",Jul 2025,"Jul 2025_CB","30_25_CB","Blanco"
"1217",2025-08-07,"Egregia menziesii","YB",1,1,"32","08","25",Aug 2025,"Aug 2025_YB","32_25_YB","Perpetua"
"1218",2025-08-07,"Egregia menziesii","YB",2,0.4,"32","08","25",Aug 2025,"Aug 2025_YB","32_25_YB","Perpetua"
"1219",2025-08-07,"Egregia menziesii","YB",3,1,"32","08","25",Aug 2025,"Aug 2025_YB","32_25_YB","Perpetua"
"1220",2025-08-07,"Hedophyllum sessile","YB",2,3,"32","08","25",Aug 2025,"Aug 2025_YB","32_25_YB","Perpetua"
"1221",2025-08-07,"Hedophyllum sessile","YB",3,4,"32","08","25",Aug 2025,"Aug 2025_YB","32_25_YB","Perpetua"
"1222",2025-08-07,"Hedophyllum sessile","YB",4,2,"32","08","25",Aug 2025,"Aug 2025_YB","32_25_YB","Perpetua"
"1223",2025-08-07,"Hedophyllum sessile","YB",5,3,"32","08","25",Aug 2025,"Aug 2025_YB","32_25_YB","Perpetua"
"1224",2025-08-07,"Hedophyllum sessile","YB",NA,2.46428571428571,"32","08","25",Aug 2025,"Aug 2025_YB","32_25_YB","Perpetua"
"1225",2025-08-07,"Laminaria sinclairii","YB",1,57,"32","08","25",Aug 2025,"Aug 2025_YB","32_25_YB","Perpetua"
"1226",2025-08-07,"Laminaria sinclairii","YB",2,54,"32","08","25",Aug 2025,"Aug 2025_YB","32_25_YB","Perpetua"
"1227",2025-08-07,"Laminaria sinclairii","YB",3,44,"32","08","25",Aug 2025,"Aug 2025_YB","32_25_YB","Perpetua"
"1228",2025-08-07,"Postelsia palmaeformis","YB",3,7.5,"32","08","25",Aug 2025,"Aug 2025_YB","32_25_YB","Perpetua"
"1229",2025-08-07,"Postelsia palmaeformis","YB",4,10,"32","08","25",Aug 2025,"Aug 2025_YB","32_25_YB","Perpetua"
"1230",2025-08-07,"Postelsia palmaeformis","YB",5,6,"32","08","25",Aug 2025,"Aug 2025_YB","32_25_YB","Perpetua"
"1231",NA,"Hedophyllum sessile","FC",1,2.42857142857143,NA,NA,NA,NA,"NA_FC","NA_NA_FC","Foulweather"
"1232",NA,"Hedophyllum sessile","FC",3,1.5,NA,NA,NA,NA,"NA_FC","NA_NA_FC","Foulweather"
